-- phpMyAdmin SQL Dump
-- version 4.7.4
-- https://www.phpmyadmin.net/
--
-- Host: 127.0.0.1:3306
-- Generation Time: Jun 19, 2018 at 05:58 AM
-- Server version: 5.7.19
-- PHP Version: 5.6.31

SET SQL_MODE = "NO_AUTO_VALUE_ON_ZERO";
SET AUTOCOMMIT = 0;
START TRANSACTION;
SET time_zone = "+00:00";


/*!40101 SET @OLD_CHARACTER_SET_CLIENT=@@CHARACTER_SET_CLIENT */;
/*!40101 SET @OLD_CHARACTER_SET_RESULTS=@@CHARACTER_SET_RESULTS */;
/*!40101 SET @OLD_COLLATION_CONNECTION=@@COLLATION_CONNECTION */;
/*!40101 SET NAMES utf8mb4 */;

--
-- Database: `laravelapi`
--

-- --------------------------------------------------------

--
-- Table structure for table `migrations`
--

DROP TABLE IF EXISTS `migrations`;
CREATE TABLE IF NOT EXISTS `migrations` (
  `id` int(10) UNSIGNED NOT NULL AUTO_INCREMENT,
  `migration` varchar(200) COLLATE utf8mb4_unicode_ci NOT NULL,
  `batch` int(11) NOT NULL,
  PRIMARY KEY (`id`)
) ENGINE=MyISAM AUTO_INCREMENT=5 DEFAULT CHARSET=utf8mb4 COLLATE=utf8mb4_unicode_ci;

--
-- Dumping data for table `migrations`
--

INSERT INTO `migrations` (`id`, `migration`, `batch`) VALUES
(1, '2014_10_12_000000_create_users_table', 1),
(2, '2014_10_12_100000_create_password_resets_table', 1),
(3, '2018_06_19_044203_create_products_table', 1),
(4, '2018_06_19_044218_create_reviews_table', 1);

-- --------------------------------------------------------

--
-- Table structure for table `password_resets`
--

DROP TABLE IF EXISTS `password_resets`;
CREATE TABLE IF NOT EXISTS `password_resets` (
  `email` varchar(200) COLLATE utf8mb4_unicode_ci NOT NULL,
  `token` varchar(200) COLLATE utf8mb4_unicode_ci NOT NULL,
  `created_at` timestamp NULL DEFAULT NULL,
  KEY `password_resets_email_index` (`email`)
) ENGINE=MyISAM DEFAULT CHARSET=utf8mb4 COLLATE=utf8mb4_unicode_ci;

-- --------------------------------------------------------

--
-- Table structure for table `products`
--

DROP TABLE IF EXISTS `products`;
CREATE TABLE IF NOT EXISTS `products` (
  `id` int(10) UNSIGNED NOT NULL AUTO_INCREMENT,
  `name` varchar(200) COLLATE utf8mb4_unicode_ci NOT NULL,
  `detail` text COLLATE utf8mb4_unicode_ci NOT NULL,
  `price` int(11) NOT NULL,
  `stock` int(11) NOT NULL,
  `discount` int(11) NOT NULL,
  `created_at` timestamp NULL DEFAULT NULL,
  `updated_at` timestamp NULL DEFAULT NULL,
  PRIMARY KEY (`id`)
) ENGINE=MyISAM AUTO_INCREMENT=351 DEFAULT CHARSET=utf8mb4 COLLATE=utf8mb4_unicode_ci;

--
-- Dumping data for table `products`
--

INSERT INTO `products` (`id`, `name`, `detail`, `price`, `stock`, `discount`, `created_at`, `updated_at`) VALUES
(251, 'sint', 'Repellendus qui illo omnis laborum similique dolorum hic consequatur. Sed et rerum optio quia quis voluptatem molestias. Soluta quaerat voluptatibus animi debitis. Ut ipsum temporibus sit sequi.', 694, 9, 14, '2018-06-19 00:01:34', '2018-06-19 00:01:34'),
(252, 'praesentium', 'Eius nulla ut eos eveniet. Omnis sint placeat blanditiis at alias odit. Nesciunt explicabo amet repudiandae quia quia non temporibus repellat.', 929, 7, 23, '2018-06-19 00:01:34', '2018-06-19 00:01:34'),
(253, 'unde', 'Nihil dolore dolores reprehenderit nulla voluptates totam est. Consequatur ut harum dolores repellat. Quas recusandae impedit hic.', 702, 6, 27, '2018-06-19 00:01:34', '2018-06-19 00:01:34'),
(254, 'eveniet', 'Omnis enim dolorem tempora animi nostrum maxime. Dolor expedita veritatis ratione cumque. Aut ut cupiditate quae voluptates harum magni.', 702, 6, 9, '2018-06-19 00:01:34', '2018-06-19 00:01:34'),
(255, 'et', 'Sint voluptatem et inventore qui. Et debitis modi voluptatem dolorem eum ut.', 677, 0, 22, '2018-06-19 00:01:34', '2018-06-19 00:01:34'),
(256, 'alias', 'Ea illum dolorem eveniet distinctio esse adipisci. Corrupti sapiente et ut expedita amet eveniet ut. Repellat dignissimos delectus mollitia ut veniam.', 853, 8, 19, '2018-06-19 00:01:34', '2018-06-19 00:01:34'),
(257, 'nemo', 'Et possimus voluptas blanditiis quos ducimus asperiores. Ut quidem laudantium rerum quia minima architecto consequatur. Placeat ad et minus laboriosam. Magni neque omnis beatae dicta rerum totam quia. Pariatur reiciendis cupiditate qui libero est nemo.', 842, 3, 11, '2018-06-19 00:01:34', '2018-06-19 00:01:34'),
(258, 'corporis', 'Quasi saepe asperiores quasi amet. Quibusdam quaerat rerum nostrum earum. Non dignissimos nobis est reprehenderit porro blanditiis.', 350, 0, 3, '2018-06-19 00:01:34', '2018-06-19 00:01:34'),
(259, 'quas', 'Eos harum sit sed voluptatem. Rerum sunt quas molestiae suscipit voluptates. Nobis mollitia perferendis quos voluptatibus recusandae ad quos. Praesentium non necessitatibus aperiam.', 279, 1, 17, '2018-06-19 00:01:34', '2018-06-19 00:01:34'),
(260, 'in', 'Deserunt mollitia recusandae iste dignissimos dolores. Laboriosam esse dolore animi neque voluptas dolorem. Perferendis ipsa porro consequatur.', 174, 3, 14, '2018-06-19 00:01:34', '2018-06-19 00:01:34'),
(261, 'culpa', 'Rerum non est eligendi quidem. Commodi rerum minus at pariatur ratione voluptas dolorum vel. Velit et laborum corporis odio qui. At nisi nobis quo aut omnis.', 555, 5, 30, '2018-06-19 00:01:34', '2018-06-19 00:01:34'),
(262, 'tempora', 'Inventore eum reiciendis fuga qui corporis. Distinctio est et rerum sit perferendis placeat laborum. Magni architecto quisquam ea ea et a quidem. Neque et debitis minus molestias asperiores.', 215, 1, 11, '2018-06-19 00:01:34', '2018-06-19 00:01:34'),
(263, 'corporis', 'Voluptatem illo doloribus accusantium delectus cumque. Ab est molestias officia et quae quae. Omnis dolores voluptatibus perspiciatis quos dolor.', 632, 7, 29, '2018-06-19 00:01:34', '2018-06-19 00:01:34'),
(264, 'ea', 'Harum delectus animi et aliquam natus dolorem consequatur. Totam officia ullam vitae dolores. Quia neque sunt sint aut autem sequi. Magnam est dolore quis et vero aut.', 744, 0, 28, '2018-06-19 00:01:34', '2018-06-19 00:01:34'),
(265, 'doloribus', 'Et quia eligendi esse aut porro. Illo beatae qui porro veritatis. Labore necessitatibus nihil sunt et voluptas.', 406, 0, 3, '2018-06-19 00:01:34', '2018-06-19 00:01:34'),
(266, 'quisquam', 'Quos vel temporibus repellat voluptas tempore. Consectetur voluptatem aut accusamus recusandae recusandae corrupti qui. Doloremque quo sunt asperiores sit voluptatem qui inventore. Aperiam error beatae tempora nulla accusantium.', 515, 7, 22, '2018-06-19 00:01:34', '2018-06-19 00:01:34'),
(267, 'fugit', 'In commodi maxime ratione sed aliquam vel quasi. Dicta aspernatur autem assumenda mollitia ab est. Doloremque natus aut a eum ut.', 137, 9, 4, '2018-06-19 00:01:34', '2018-06-19 00:01:34'),
(268, 'sunt', 'Tempora tempora voluptatem aperiam doloremque. Nemo optio aut animi ab. Temporibus minima velit non voluptatibus. Officia corporis est sint facere dolor ad.', 447, 7, 2, '2018-06-19 00:01:34', '2018-06-19 00:01:34'),
(269, 'sed', 'Mollitia ipsum nesciunt sed corporis. Corporis nulla debitis et est qui amet. Totam quos rem saepe et sit. Consequatur repellat et eum provident.', 580, 0, 10, '2018-06-19 00:01:34', '2018-06-19 00:01:34'),
(270, 'mollitia', 'Perferendis deleniti consequatur sit velit qui tempora eum. Adipisci praesentium consequatur et incidunt neque ab quia.', 553, 1, 25, '2018-06-19 00:01:34', '2018-06-19 00:01:34'),
(271, 'quam', 'Earum aut et laborum voluptas aut. Asperiores placeat vitae voluptatibus numquam nobis perspiciatis nostrum. Est quia sequi voluptas ducimus.', 474, 7, 24, '2018-06-19 00:01:34', '2018-06-19 00:01:34'),
(272, 'fugit', 'Deserunt excepturi fugit autem nostrum quas. Sint accusantium fuga tenetur. Optio maiores consequuntur consectetur doloribus reiciendis. Recusandae qui inventore hic.', 330, 5, 2, '2018-06-19 00:01:34', '2018-06-19 00:01:34'),
(273, 'architecto', 'Et magni in omnis accusantium. Expedita in temporibus ex mollitia eum et voluptatem. Unde voluptas et itaque quibusdam.', 241, 4, 12, '2018-06-19 00:01:34', '2018-06-19 00:01:34'),
(274, 'eligendi', 'Accusantium vitae neque est nihil alias molestiae. Non voluptatem pariatur veritatis modi. Aliquid sunt sint vero animi. Ea a vitae perspiciatis.', 409, 4, 4, '2018-06-19 00:01:34', '2018-06-19 00:01:34'),
(275, 'laborum', 'Sed voluptas veritatis autem dolorum porro delectus a. Quas id voluptas sapiente itaque sed corrupti. A quasi recusandae sed labore sed. Facilis numquam repudiandae nam sit.', 442, 8, 3, '2018-06-19 00:01:34', '2018-06-19 00:01:34'),
(276, 'id', 'Nihil doloribus et quia quia. Quidem et voluptatem non rerum repudiandae.', 171, 5, 19, '2018-06-19 00:01:34', '2018-06-19 00:01:34'),
(277, 'quidem', 'Perspiciatis quisquam veritatis at saepe. Voluptas velit qui laudantium quo quos. Aut consequatur ab iure quas saepe. Distinctio accusamus dolorum temporibus molestias dolorem.', 558, 4, 19, '2018-06-19 00:01:34', '2018-06-19 00:01:34'),
(278, 'asperiores', 'Consequatur quidem dolor impedit. Dolor sint quod delectus non sunt. Delectus consequatur aut dolor est.', 101, 5, 28, '2018-06-19 00:01:34', '2018-06-19 00:01:34'),
(279, 'ullam', 'Tempore error voluptas ab deleniti. Dolorem ut tempore consequuntur illum labore non enim. Quos tempore modi qui ut sunt expedita modi. Quisquam adipisci nesciunt consectetur sit impedit omnis. Totam ut laboriosam rerum repudiandae aut ut atque.', 674, 9, 22, '2018-06-19 00:01:34', '2018-06-19 00:01:34'),
(280, 'fuga', 'Error quia suscipit minus aut. Ipsa pariatur dolores quisquam voluptatum nulla temporibus perspiciatis. Quam molestiae vero aut itaque voluptatum consequatur vero reprehenderit.', 939, 9, 30, '2018-06-19 00:01:34', '2018-06-19 00:01:34'),
(281, 'possimus', 'Et libero perspiciatis nihil deserunt labore. Dolorem est qui error dicta perferendis quis. Qui sit nostrum laboriosam architecto. Dolorum sint consectetur debitis sapiente sequi tempora.', 746, 6, 15, '2018-06-19 00:01:34', '2018-06-19 00:01:34'),
(282, 'aperiam', 'Perferendis id quia molestiae nam corporis consequuntur. Incidunt placeat dolorem et provident numquam. Ducimus sunt sunt quaerat suscipit voluptatibus harum. Adipisci voluptatum ratione sed amet.', 522, 5, 15, '2018-06-19 00:01:34', '2018-06-19 00:01:34'),
(283, 'quam', 'Ipsum velit saepe delectus et. Eum beatae quasi doloribus blanditiis nihil veniam libero. Velit illo distinctio sunt dolores. Sint est eaque dolore.', 667, 7, 16, '2018-06-19 00:01:34', '2018-06-19 00:01:34'),
(284, 'omnis', 'Omnis laboriosam eius maxime dolorum modi aut. Sapiente eum earum omnis aut. Exercitationem omnis ab in illo velit doloremque qui.', 112, 7, 8, '2018-06-19 00:01:34', '2018-06-19 00:01:34'),
(285, 'dolor', 'Non dolore consequatur dolor natus ad consequatur. Animi numquam consequuntur laboriosam quia magni. Distinctio dolores suscipit velit laborum necessitatibus. Quia illo pariatur molestiae optio doloremque magnam.', 855, 1, 27, '2018-06-19 00:01:34', '2018-06-19 00:01:34'),
(286, 'praesentium', 'Dolorum minus sapiente ut dolores. Exercitationem beatae rerum et aut exercitationem neque ab cumque. Similique eveniet enim corporis illo. Tenetur et quam incidunt magni assumenda aperiam corporis.', 898, 5, 2, '2018-06-19 00:01:34', '2018-06-19 00:01:34'),
(287, 'molestiae', 'Quod non in neque est assumenda modi. Dolore et sit et necessitatibus aut aut.', 796, 5, 4, '2018-06-19 00:01:34', '2018-06-19 00:01:34'),
(288, 'hic', 'Unde quidem pariatur adipisci nobis ea fugiat. Nesciunt minus qui sunt architecto aut aut repellat id. Vitae libero sequi soluta explicabo tenetur labore dolorem minima. Voluptatem dolore minima labore ut qui.', 496, 9, 13, '2018-06-19 00:01:34', '2018-06-19 00:01:34'),
(289, 'vitae', 'Enim ipsam velit qui ducimus. Minima sunt dolor soluta. Impedit quisquam quos et ipsam quis cupiditate.', 413, 8, 12, '2018-06-19 00:01:34', '2018-06-19 00:01:34'),
(290, 'unde', 'Veniam deleniti ratione quo dolor eum doloribus aut. Quis aliquam similique ipsam tempora soluta aut cumque. Rerum ullam dolorem quam.', 509, 3, 19, '2018-06-19 00:01:34', '2018-06-19 00:01:34'),
(291, 'voluptates', 'Maxime eum quaerat ex et numquam. Autem quae enim non nesciunt dolores sed. Autem eos aliquid neque ipsa.', 327, 7, 14, '2018-06-19 00:01:34', '2018-06-19 00:01:34'),
(292, 'est', 'Tenetur sed in facilis fuga ipsa quia ipsam. Ut ipsa in sint rem reprehenderit. Delectus laboriosam possimus quis magnam animi qui non.', 548, 2, 13, '2018-06-19 00:01:34', '2018-06-19 00:01:34'),
(293, 'error', 'Possimus et corrupti non dolore voluptates voluptas quia aut. Eligendi qui ea culpa nihil ad sit quaerat. Nisi nihil qui nostrum quo. Quia rerum exercitationem quaerat error sit quia.', 532, 5, 28, '2018-06-19 00:01:34', '2018-06-19 00:01:34'),
(294, 'a', 'Quasi perferendis odio voluptatem dolorem et sed. Culpa velit velit aut adipisci nulla est doloremque. Officiis nulla consequatur officia dignissimos maiores dolor reprehenderit voluptatem. Earum alias libero sequi laborum dolorum esse.', 507, 2, 4, '2018-06-19 00:01:34', '2018-06-19 00:01:34'),
(295, 'delectus', 'Deleniti voluptatum et similique. Est cupiditate non et non ut. Rerum aut nulla non eum nam omnis. Fugit aut ratione ducimus dignissimos aut est laborum.', 413, 3, 21, '2018-06-19 00:01:34', '2018-06-19 00:01:34'),
(296, 'est', 'Optio minus ad molestiae maxime voluptatem. Placeat voluptas quam quae natus natus. Aliquid aut maiores consequatur autem porro voluptas est.', 916, 3, 20, '2018-06-19 00:01:34', '2018-06-19 00:01:34'),
(297, 'alias', 'Consequatur aut qui eum nostrum corporis. Id dolores sunt iusto amet voluptatibus. Consequatur ut corrupti qui.', 920, 1, 20, '2018-06-19 00:01:34', '2018-06-19 00:01:34'),
(298, 'praesentium', 'In suscipit recusandae et. Sed aut voluptas assumenda natus repellendus sapiente et. Veniam esse iusto non quis corporis sint harum. Quas error vel repellendus possimus asperiores.', 521, 6, 2, '2018-06-19 00:01:34', '2018-06-19 00:01:34'),
(299, 'est', 'Neque soluta enim soluta cumque aut animi dolores. Voluptatem suscipit aut unde.', 540, 0, 27, '2018-06-19 00:01:34', '2018-06-19 00:01:34'),
(300, 'voluptas', 'Maxime doloribus voluptates esse tempora iusto. Repudiandae quae omnis blanditiis blanditiis. Enim delectus maiores autem sint voluptas quaerat nam. Rem quia doloribus magni cupiditate ipsum.', 475, 6, 5, '2018-06-19 00:01:34', '2018-06-19 00:01:34'),
(301, 'qui', 'Ratione maiores excepturi sunt architecto at tempore pariatur. Et reiciendis enim necessitatibus quis sint. Facere vel fugit magnam. Dolor rem rerum omnis officia iste ex et. Veritatis cupiditate harum natus voluptatem facilis ea rerum sint.', 484, 1, 2, '2018-06-19 00:06:59', '2018-06-19 00:06:59'),
(302, 'voluptatum', 'Est numquam dolores praesentium molestiae. Numquam ut minima aperiam excepturi. Quas voluptatem velit ab.', 420, 5, 19, '2018-06-19 00:06:59', '2018-06-19 00:06:59'),
(303, 'qui', 'Possimus dolor mollitia vel laudantium at et id non. Necessitatibus omnis dolorum sed libero. Qui repudiandae possimus ut quisquam error accusantium vel. Cupiditate alias quaerat minima in commodi vel provident. Commodi et est sint aut saepe ea.', 479, 9, 11, '2018-06-19 00:06:59', '2018-06-19 00:06:59'),
(304, 'aut', 'Omnis dolores eaque a velit. Iure ullam fugit et. Excepturi voluptas iure nisi qui consectetur molestias dolorem. Veniam repellendus nemo porro occaecati placeat itaque deserunt.', 898, 4, 26, '2018-06-19 00:06:59', '2018-06-19 00:06:59'),
(305, 'aut', 'Et error veniam perferendis minima. Esse explicabo excepturi dolore possimus explicabo vitae in. Omnis placeat magni laudantium consectetur possimus nemo repellendus.', 519, 8, 4, '2018-06-19 00:06:59', '2018-06-19 00:06:59'),
(306, 'velit', 'Quia atque culpa est nulla facere et at. Libero sed voluptate ut ut quisquam sunt magni. Nisi nesciunt qui qui incidunt aperiam nobis. Nihil vitae veniam est tempore.', 701, 9, 15, '2018-06-19 00:06:59', '2018-06-19 00:06:59'),
(307, 'quia', 'Aperiam rerum omnis non est. Laboriosam quibusdam ut officiis. Ipsam accusamus veritatis pariatur esse eum qui in. Quo velit in repellat repellendus.', 797, 6, 7, '2018-06-19 00:06:59', '2018-06-19 00:06:59'),
(308, 'odio', 'Error sed qui repellat quia. Reiciendis provident deserunt voluptatem qui amet. Omnis unde eum atque assumenda totam iste. Veniam non laboriosam nam sint placeat.', 298, 0, 12, '2018-06-19 00:06:59', '2018-06-19 00:06:59'),
(309, 'quia', 'Doloremque inventore et rerum doloremque atque facilis animi quo. Facere deserunt voluptatem et a dolore. Aliquam iure magnam et consequatur. Est praesentium quasi nemo.', 689, 3, 25, '2018-06-19 00:06:59', '2018-06-19 00:06:59'),
(310, 'hic', 'Eligendi in aliquid perferendis ducimus quae. Quia corporis sint iste repellendus illo. Aut et deserunt earum sunt magnam itaque.', 846, 2, 10, '2018-06-19 00:06:59', '2018-06-19 00:06:59'),
(311, 'et', 'Qui rerum quis et quasi laudantium. Maxime quasi et velit laudantium autem ducimus nam quam. Pariatur ipsam dolorem enim sit perspiciatis. Aut illo voluptates culpa voluptatem iste repellat consequatur.', 120, 3, 20, '2018-06-19 00:06:59', '2018-06-19 00:06:59'),
(312, 'non', 'Recusandae at ab consequuntur dolorum. Sequi accusamus qui quam. Eveniet ea in et cupiditate fugit optio.', 542, 0, 22, '2018-06-19 00:06:59', '2018-06-19 00:06:59'),
(313, 'neque', 'Qui nobis illo incidunt similique totam nisi. Aut alias esse quo recusandae laudantium.', 275, 1, 27, '2018-06-19 00:06:59', '2018-06-19 00:06:59'),
(314, 'exercitationem', 'Mollitia saepe ea rerum voluptatem perferendis. Nisi soluta id et amet. Rerum incidunt laborum tempora. Velit non tempore doloremque voluptas culpa a.', 815, 2, 19, '2018-06-19 00:06:59', '2018-06-19 00:06:59'),
(315, 'et', 'Earum delectus voluptatem iste esse nesciunt sed dignissimos. Quo fugit neque sunt molestiae saepe. Velit explicabo ipsa harum delectus non. Voluptas odio harum occaecati et molestiae mollitia.', 395, 8, 27, '2018-06-19 00:06:59', '2018-06-19 00:06:59'),
(316, 'aliquam', 'Maxime et repellat cupiditate voluptates quas alias. Cum placeat sit est rerum saepe quis. Expedita et omnis modi laudantium beatae quo voluptatem. Quam laborum voluptates eum sunt perferendis.', 122, 4, 26, '2018-06-19 00:06:59', '2018-06-19 00:06:59'),
(317, 'aut', 'Molestiae corrupti provident quas eum blanditiis sunt maiores. Commodi ut vero nam quis. Dolores doloribus et fugiat et quas natus quis.', 545, 2, 30, '2018-06-19 00:06:59', '2018-06-19 00:06:59'),
(318, 'perspiciatis', 'Eos repudiandae quibusdam nostrum. Et eum esse molestiae magnam maxime modi ut.', 141, 6, 30, '2018-06-19 00:06:59', '2018-06-19 00:06:59'),
(319, 'ipsum', 'Officia est minima consequuntur. Reprehenderit asperiores cum eveniet id optio corrupti itaque enim. Unde a illo et aut perferendis et.', 538, 8, 30, '2018-06-19 00:06:59', '2018-06-19 00:06:59'),
(320, 'alias', 'Aspernatur ut corrupti suscipit nisi autem illo. Nesciunt repellendus sed ipsum impedit qui. Doloremque cum vel voluptatem temporibus est. Est explicabo aut non sunt illum consequatur.', 455, 7, 25, '2018-06-19 00:06:59', '2018-06-19 00:06:59'),
(321, 'rerum', 'Sit sed fugiat at. Omnis adipisci iusto at aspernatur. Sapiente quis facilis delectus quas. Ducimus ut consequatur amet beatae autem.', 828, 5, 3, '2018-06-19 00:06:59', '2018-06-19 00:06:59'),
(322, 'ipsum', 'Saepe dolorem voluptate dolores sint et. Molestias voluptates fugiat ut totam asperiores asperiores. Aliquid et voluptatem et. Ad rerum molestiae voluptatem aut.', 347, 6, 20, '2018-06-19 00:06:59', '2018-06-19 00:06:59'),
(323, 'minus', 'Consequatur dolorem aut et amet. Dolorem omnis ut aut rerum optio nemo maiores. Corporis aut praesentium voluptatum necessitatibus dolor.', 458, 0, 15, '2018-06-19 00:06:59', '2018-06-19 00:06:59'),
(324, 'placeat', 'Totam soluta atque accusantium velit quia corrupti ullam. Quasi quae quas perspiciatis repellat sed. Eum molestias perspiciatis ducimus sit sint corrupti. Eum dolore sit illo quia distinctio culpa et.', 761, 4, 7, '2018-06-19 00:06:59', '2018-06-19 00:06:59'),
(325, 'ipsum', 'Doloribus quia id possimus saepe nulla tenetur sit. Voluptatum unde ducimus possimus consequatur. Fugit quae omnis neque repellat hic. Omnis exercitationem occaecati saepe ipsum vel quasi voluptatem nesciunt. Commodi rerum non velit esse.', 463, 3, 29, '2018-06-19 00:06:59', '2018-06-19 00:06:59'),
(326, 'aut', 'Distinctio quasi sequi nobis cupiditate at. Repudiandae est beatae fugiat officiis. Quibusdam sint suscipit rerum maxime aliquid pariatur corrupti eos.', 993, 0, 12, '2018-06-19 00:06:59', '2018-06-19 00:06:59'),
(327, 'rerum', 'Aut distinctio maxime dolor eos tenetur recusandae non. Ut dolorum itaque in ut expedita exercitationem sunt. Cum a ratione et atque.', 528, 7, 19, '2018-06-19 00:06:59', '2018-06-19 00:06:59'),
(328, 'dolor', 'Est voluptas quia magnam nulla voluptatem officiis. Itaque est ut et ut. Qui est id magnam ut itaque. Fugiat consequatur voluptatem soluta et officiis libero voluptas quia. Illum accusamus soluta rem id quas magni dolorum.', 714, 1, 2, '2018-06-19 00:06:59', '2018-06-19 00:06:59'),
(329, 'corporis', 'Sint ipsam harum expedita. Nobis commodi distinctio consequatur dolores ipsam consequatur dolorum incidunt. Tempora praesentium natus nihil.', 322, 7, 10, '2018-06-19 00:06:59', '2018-06-19 00:06:59'),
(330, 'aut', 'Eaque libero ut est et ut in dicta. Qui porro rerum est neque sunt doloremque qui eos. Voluptatum aut amet dolor. Est quo quas eos eos eius dolores omnis.', 470, 3, 8, '2018-06-19 00:06:59', '2018-06-19 00:06:59'),
(331, 'sit', 'Odit iusto eos aut velit in itaque rerum. Sit ut minus ab omnis sit ea.', 144, 0, 10, '2018-06-19 00:06:59', '2018-06-19 00:06:59'),
(332, 'et', 'Voluptate sunt perspiciatis ut nobis. Id praesentium pariatur dolores reprehenderit corrupti magni fugit. Deleniti et quas quibusdam ut animi vel voluptatem. Maxime quasi placeat eos similique soluta.', 654, 5, 28, '2018-06-19 00:06:59', '2018-06-19 00:06:59'),
(333, 'deserunt', 'Velit pariatur et ipsa est neque magnam provident. Consequatur quibusdam quis assumenda perspiciatis libero. Et esse natus voluptatum.', 438, 1, 17, '2018-06-19 00:06:59', '2018-06-19 00:06:59'),
(334, 'quod', 'Molestiae quam et ut omnis aliquam porro. Animi error aut debitis quis. Ut quaerat non natus ut fugiat. Eos qui neque ea non nulla et perspiciatis.', 950, 2, 10, '2018-06-19 00:06:59', '2018-06-19 00:06:59'),
(335, 'iusto', 'Recusandae voluptas temporibus quo veniam placeat minima earum perferendis. Sit consequatur repellat dolor quia aut suscipit. Occaecati inventore error quas pariatur labore. Nemo sit mollitia voluptatibus sequi doloribus exercitationem rerum.', 383, 1, 18, '2018-06-19 00:06:59', '2018-06-19 00:06:59'),
(336, 'saepe', 'Ducimus quae qui quia tempora quisquam aliquam. Hic consequatur quia sunt rerum ea. Voluptatem debitis id voluptas consequatur velit laboriosam.', 865, 3, 3, '2018-06-19 00:06:59', '2018-06-19 00:06:59'),
(337, 'sapiente', 'Aspernatur dignissimos iste consequatur excepturi laudantium cum. Ipsam eos consectetur consectetur voluptas dolores autem corrupti. Molestias mollitia aut accusamus et numquam minus aut. Dignissimos enim numquam aut deleniti vel possimus. Perferendis soluta cupiditate est molestiae corrupti nisi.', 850, 7, 28, '2018-06-19 00:06:59', '2018-06-19 00:06:59'),
(338, 'repudiandae', 'Libero et occaecati officiis aliquid. Eos suscipit magni sit error illo et. Explicabo delectus iste odit recusandae cupiditate.', 991, 6, 16, '2018-06-19 00:06:59', '2018-06-19 00:06:59'),
(339, 'quam', 'Est sit quis dolorem ab. Omnis dolor alias impedit impedit consequatur. Earum nesciunt veritatis non reprehenderit. Laudantium aut ea distinctio expedita.', 334, 5, 8, '2018-06-19 00:06:59', '2018-06-19 00:06:59'),
(340, 'delectus', 'Odit ipsum dolores nesciunt voluptatibus sequi dolor. Non illum dolores quos officiis odio mollitia qui.', 971, 1, 2, '2018-06-19 00:06:59', '2018-06-19 00:06:59'),
(341, 'aut', 'Voluptate inventore dolorem perferendis. Iure ducimus consequatur aspernatur a sequi et molestiae. Inventore sint eum sit pariatur cum.', 461, 7, 9, '2018-06-19 00:06:59', '2018-06-19 00:06:59'),
(342, 'ullam', 'Fugiat aut possimus at blanditiis. Exercitationem delectus quam omnis aperiam. Voluptatem porro quae in est iusto et magni.', 490, 5, 17, '2018-06-19 00:06:59', '2018-06-19 00:06:59'),
(343, 'est', 'Consequuntur eius ut consequatur vel veritatis enim ea non. Et dolorem facilis debitis numquam asperiores et. Veritatis odio enim natus non.', 358, 2, 4, '2018-06-19 00:06:59', '2018-06-19 00:06:59'),
(344, 'cupiditate', 'Aut dicta sit iusto vel cum repudiandae totam. Eveniet perferendis itaque et sit. Consequatur velit itaque in molestiae architecto laborum ut quibusdam.', 579, 0, 29, '2018-06-19 00:06:59', '2018-06-19 00:06:59'),
(345, 'omnis', 'Excepturi harum excepturi sunt quam quia a. Quasi molestiae et culpa non. Magnam est neque qui consequatur id. Inventore hic dolores sit deleniti dignissimos maxime vero facere.', 844, 8, 15, '2018-06-19 00:06:59', '2018-06-19 00:06:59'),
(346, 'eveniet', 'Est dolor accusantium blanditiis animi. Quasi eius aut unde consectetur quia. Harum cupiditate quidem quibusdam molestiae. Repellat labore et corporis odit repellat in ex dicta.', 960, 2, 15, '2018-06-19 00:06:59', '2018-06-19 00:06:59'),
(347, 'sit', 'Corporis delectus accusamus eos. Provident voluptatum vel aliquid quo. Blanditiis quis sit et vel explicabo aliquid molestiae earum.', 514, 2, 13, '2018-06-19 00:06:59', '2018-06-19 00:06:59'),
(348, 'odit', 'Est et asperiores adipisci ut. Et quibusdam cupiditate dolores qui dolor illum. Reiciendis dolor numquam alias nihil officia possimus alias eius. Rem nam et sint ducimus qui similique.', 864, 9, 16, '2018-06-19 00:06:59', '2018-06-19 00:06:59'),
(349, 'incidunt', 'Quis tempore ut consequuntur ad. Est fugiat voluptas deleniti labore repellendus maxime.', 682, 8, 18, '2018-06-19 00:06:59', '2018-06-19 00:06:59'),
(350, 'nesciunt', 'Nobis omnis odio necessitatibus rem et voluptatibus. Aut eos eius voluptatem occaecati. Sed blanditiis mollitia laudantium quod aspernatur rerum.', 669, 5, 12, '2018-06-19 00:06:59', '2018-06-19 00:06:59');

-- --------------------------------------------------------

--
-- Table structure for table `reviews`
--

DROP TABLE IF EXISTS `reviews`;
CREATE TABLE IF NOT EXISTS `reviews` (
  `id` int(10) UNSIGNED NOT NULL AUTO_INCREMENT,
  `product_id` int(10) UNSIGNED NOT NULL,
  `customer` varchar(200) COLLATE utf8mb4_unicode_ci NOT NULL,
  `review` text COLLATE utf8mb4_unicode_ci NOT NULL,
  `star` int(11) NOT NULL,
  `created_at` timestamp NULL DEFAULT NULL,
  `updated_at` timestamp NULL DEFAULT NULL,
  PRIMARY KEY (`id`),
  KEY `reviews_product_id_index` (`product_id`)
) ENGINE=MyISAM AUTO_INCREMENT=301 DEFAULT CHARSET=utf8mb4 COLLATE=utf8mb4_unicode_ci;

--
-- Dumping data for table `reviews`
--

INSERT INTO `reviews` (`id`, `product_id`, `customer`, `review`, `star`, `created_at`, `updated_at`) VALUES
(1, 311, 'Antonio Morar DDS', 'Maxime accusamus exercitationem animi doloremque qui. Possimus qui quisquam facere ipsum corrupti. Et voluptatibus voluptatem et.', 2, '2018-06-19 00:07:00', '2018-06-19 00:07:00'),
(2, 291, 'Dr. Paul Gusikowski', 'Sed sint asperiores laboriosam vel exercitationem. Perferendis in odio ut aut id. Adipisci consectetur perferendis maxime exercitationem eius fugit. Itaque quia consequatur perspiciatis doloribus vitae aspernatur odit. Dolor maiores voluptas eum ipsum dolorem qui sit laborum.', 4, '2018-06-19 00:07:00', '2018-06-19 00:07:00'),
(3, 268, 'Erin Conn Sr.', 'Quas inventore aspernatur tempora a rerum alias ex dicta. Optio quam quidem magnam. Voluptatum iure et asperiores sunt velit. Quidem esse quas nemo sed sunt dignissimos aut. Autem aut laudantium corrupti sit necessitatibus.', 0, '2018-06-19 00:07:00', '2018-06-19 00:07:00'),
(4, 276, 'Donny Walsh', 'Facere quia dicta labore quo voluptas. Commodi alias ullam cupiditate iusto corrupti aut sit. Facere consequatur est facilis nihil soluta minus perspiciatis.', 3, '2018-06-19 00:07:00', '2018-06-19 00:07:00'),
(5, 283, 'Prof. Sigrid Grady', 'Eum aperiam cumque quaerat laudantium est voluptate sequi. Sit reiciendis provident dolores fugit et. Reprehenderit est quia laboriosam similique eaque.', 4, '2018-06-19 00:07:00', '2018-06-19 00:07:00'),
(6, 327, 'Mrs. Ressie Blanda', 'Hic maiores occaecati quia et maxime. Voluptate dolorem inventore delectus sapiente. Provident nesciunt omnis nam neque reprehenderit voluptatem.', 0, '2018-06-19 00:07:00', '2018-06-19 00:07:00'),
(7, 349, 'Mr. Wilber Wilkinson', 'Et sunt rerum eos sed nisi consectetur. Labore illum earum velit quidem odit aliquam inventore harum. Itaque modi facere similique natus quas rerum. Ipsa commodi eum neque ab exercitationem.', 0, '2018-06-19 00:07:00', '2018-06-19 00:07:00'),
(8, 306, 'Beverly VonRueden', 'Eligendi tempore ut repellendus quos distinctio est. Ut excepturi nisi voluptas eos ut. Voluptatem aut sunt reiciendis eveniet aliquam eius.', 4, '2018-06-19 00:07:00', '2018-06-19 00:07:00'),
(9, 279, 'Filomena Fisher DVM', 'Cum quia est nihil et voluptas. Suscipit praesentium sed libero esse dolorem ut animi doloremque. Modi consequatur debitis ut vitae ut. Beatae autem rem non qui.', 2, '2018-06-19 00:07:00', '2018-06-19 00:07:00'),
(10, 337, 'Mrs. Hailee Medhurst', 'Qui quasi impedit quam voluptatem sunt autem ut impedit. Ea et qui et voluptas et. Vero velit vero reprehenderit. Maxime accusamus non similique consequatur deserunt ullam amet.', 1, '2018-06-19 00:07:00', '2018-06-19 00:07:00'),
(11, 290, 'Marjory Barrows', 'Sit earum nihil voluptates debitis ut illo dignissimos. Sunt ipsa eaque occaecati nisi provident at. Quisquam occaecati molestias maxime ut veniam. Quo praesentium enim soluta in reprehenderit quas. Id qui vel expedita.', 4, '2018-06-19 00:07:00', '2018-06-19 00:07:00'),
(12, 253, 'Leilani Prohaska', 'Rerum harum dolores quisquam in nisi a aliquam. Consequatur nemo corporis aut et. Magni excepturi eum dignissimos voluptatem qui totam cupiditate.', 2, '2018-06-19 00:07:00', '2018-06-19 00:07:00'),
(13, 257, 'Cloyd Huel Sr.', 'Dolorem est quos qui sapiente nesciunt praesentium. Totam aut sit eligendi est. Voluptas molestiae consectetur est soluta pariatur nobis. Odio explicabo dolorem velit qui.', 5, '2018-06-19 00:07:00', '2018-06-19 00:07:00'),
(14, 318, 'Isidro Krajcik DVM', 'Officiis ut illo itaque esse voluptates suscipit quia minima. Ipsa nulla ad voluptatem maiores magnam modi enim. Omnis qui odit deserunt assumenda qui. Excepturi voluptate reprehenderit dolores animi consectetur ut qui.', 3, '2018-06-19 00:07:00', '2018-06-19 00:07:00'),
(15, 259, 'Mr. Celestino Heidenreich', 'Aut qui consequatur dolores aliquid est modi incidunt. Assumenda blanditiis corrupti consequatur eaque eaque adipisci. Ea nostrum facilis sapiente excepturi earum aperiam accusamus eos. Nostrum cumque dolorem natus quia. Dolor quia et autem cumque et et.', 5, '2018-06-19 00:07:00', '2018-06-19 00:07:00'),
(16, 313, 'Dr. Albin Reichert Jr.', 'Nobis mollitia atque culpa enim occaecati nihil. Incidunt ut optio temporibus iure et aliquam voluptatum. Excepturi rerum reprehenderit et dolore voluptatem.', 1, '2018-06-19 00:07:00', '2018-06-19 00:07:00'),
(17, 330, 'Cordell Kunde', 'Aperiam aut quam in consequatur aut ut. Veniam eos harum delectus maiores.', 5, '2018-06-19 00:07:00', '2018-06-19 00:07:00'),
(18, 288, 'Mr. Walter McCullough', 'Quod culpa ut aut. Qui quis qui dolor magni. Nemo et qui ullam omnis aut repellendus. Maiores animi rerum voluptates vel qui.', 1, '2018-06-19 00:07:00', '2018-06-19 00:07:00'),
(19, 331, 'Libbie Walker', 'Occaecati repellendus eligendi nisi. Qui numquam necessitatibus autem vel ut. Sunt quisquam aperiam impedit eos qui est qui. Et ex blanditiis pariatur reiciendis laborum et illum.', 0, '2018-06-19 00:07:00', '2018-06-19 00:07:00'),
(20, 312, 'Kylee Lubowitz III', 'Est dolorem cum beatae aliquam fugiat sapiente. Et dolorem veritatis velit fugit et odit earum. Neque in sed odio qui voluptate soluta voluptas. Ut doloremque cum mollitia aspernatur impedit tempora.', 2, '2018-06-19 00:07:00', '2018-06-19 00:07:00'),
(21, 286, 'Shad Glover MD', 'Commodi nostrum sequi ipsam quis. Ut architecto ullam nihil est expedita dolores. Aut rerum exercitationem est rerum sequi qui. Velit minima voluptates accusamus ipsa ut praesentium porro.', 3, '2018-06-19 00:07:00', '2018-06-19 00:07:00'),
(22, 329, 'Richmond Schoen IV', 'Voluptatum esse soluta ipsum minima occaecati vero harum. Eos quis voluptatem dolore. Amet aperiam blanditiis cum pariatur enim vitae. Quasi sed veritatis sed beatae ab.', 4, '2018-06-19 00:07:00', '2018-06-19 00:07:00'),
(23, 261, 'Ms. Stacy Stracke', 'Omnis a occaecati sint. Vel molestiae quasi quia voluptas dolores vero voluptatem.', 3, '2018-06-19 00:07:00', '2018-06-19 00:07:00'),
(24, 294, 'Mr. Keshawn Emard IV', 'Sed assumenda laudantium aspernatur hic velit nam mollitia quae. Harum nisi voluptas voluptatum iure tempora ut. In corporis illo ut neque et. Quibusdam voluptate nulla esse aut dolor.', 0, '2018-06-19 00:07:00', '2018-06-19 00:07:00'),
(25, 295, 'Ruthie Dicki', 'Velit fugiat ullam et amet. Id quam repellendus sit voluptas vitae nihil. In est dolor odio voluptatum aut aut doloribus. Dolorem sint praesentium neque quae consequuntur qui et.', 4, '2018-06-19 00:07:00', '2018-06-19 00:07:00'),
(26, 274, 'Mrs. Delilah Kulas III', 'Qui quia vero aut. Quos quasi voluptates voluptas voluptatem voluptas aliquid. Voluptatem quia cupiditate voluptatum. Qui autem reprehenderit quas eos.', 5, '2018-06-19 00:07:00', '2018-06-19 00:07:00'),
(27, 303, 'Mr. Ezra Ondricka', 'Molestiae qui ducimus nostrum quia. Est aut dolores molestiae architecto magni. Optio voluptatem hic sit ea placeat. Voluptatem velit sunt vel doloremque modi pariatur.', 1, '2018-06-19 00:07:00', '2018-06-19 00:07:00'),
(28, 260, 'Dane Hackett', 'Officiis reprehenderit qui sed consequatur molestias et. Ab ab voluptatem dolorem. Perspiciatis id atque consequatur quo voluptatem fugiat soluta. Nostrum saepe eum consequatur est sed id quia et.', 0, '2018-06-19 00:07:00', '2018-06-19 00:07:00'),
(29, 272, 'Mr. Donnell Bashirian Jr.', 'Et quibusdam vitae rerum qui molestiae non. Molestias vel amet eos hic sequi. Dolor eveniet quia sit aut et. Dolor rerum consequatur unde et et sed.', 2, '2018-06-19 00:07:00', '2018-06-19 00:07:00'),
(30, 262, 'Prof. Elody Huel', 'Provident voluptate consectetur quod accusantium qui. Explicabo culpa voluptas harum ea. Recusandae omnis sapiente quisquam doloremque perferendis.', 0, '2018-06-19 00:07:00', '2018-06-19 00:07:00'),
(31, 307, 'Jerrold Flatley', 'Porro impedit voluptatum vel minus. Velit non sed tenetur. Tempore dolorem praesentium sint ab qui accusamus.', 1, '2018-06-19 00:07:00', '2018-06-19 00:07:00'),
(32, 335, 'Alberta Legros', 'Eos asperiores autem beatae. Vitae odit rerum et ea praesentium qui dolorem dolorem. Minima eos explicabo delectus. At ut aut itaque. Aut sed et in exercitationem amet distinctio.', 0, '2018-06-19 00:07:00', '2018-06-19 00:07:00'),
(33, 273, 'Dr. Eriberto Ferry', 'Libero illo aliquam omnis saepe sunt reiciendis. Aut fugiat nisi voluptas impedit. Dicta minus repudiandae numquam dolor laudantium.', 5, '2018-06-19 00:07:00', '2018-06-19 00:07:00'),
(34, 304, 'Annabell Sanford', 'Temporibus dolorem rerum est inventore adipisci. Aut quia illum rerum error dolores quam hic. Sed nemo nobis sed maiores dolorem. Dolor dolore placeat quia magni excepturi sed assumenda.', 4, '2018-06-19 00:07:00', '2018-06-19 00:07:00'),
(35, 259, 'Gerda Leffler MD', 'Dolor molestiae dolor quasi eos sint sed consectetur. Voluptatibus cumque molestiae quod placeat et fugit. Nulla qui accusantium a facilis.', 5, '2018-06-19 00:07:00', '2018-06-19 00:07:00'),
(36, 326, 'Amber Purdy', 'Qui eum est qui a harum nemo cupiditate. Et tempora animi voluptas. Animi illo repellendus ullam rerum temporibus aut.', 5, '2018-06-19 00:07:00', '2018-06-19 00:07:00'),
(37, 286, 'Bernie Stark', 'Qui pariatur est rerum aliquam maxime magni. Unde molestias sunt quo molestiae ut. A amet blanditiis fugiat officia qui quis.', 1, '2018-06-19 00:07:00', '2018-06-19 00:07:00'),
(38, 288, 'Camilla Mann', 'Sed facere suscipit perferendis rerum maxime. Modi culpa ipsam ipsa sed officia accusantium omnis voluptatum. Ratione ut autem inventore ut in.', 2, '2018-06-19 00:07:00', '2018-06-19 00:07:00'),
(39, 321, 'Coby Rempel I', 'Qui perferendis atque quia ex enim facere iste. Alias eligendi rem voluptate expedita officiis atque. Cumque non voluptas et veniam. Voluptatum esse omnis quas qui doloremque ducimus.', 3, '2018-06-19 00:07:00', '2018-06-19 00:07:00'),
(40, 305, 'Ona Powlowski', 'Ullam sit aliquid sit voluptatem possimus eum. Consequatur enim error minus eum ipsum autem eum. Aut praesentium accusantium aut occaecati et est incidunt sequi. Aspernatur quisquam vel in labore.', 1, '2018-06-19 00:07:00', '2018-06-19 00:07:00'),
(41, 294, 'Mrs. Cathryn Kertzmann', 'Sed alias non illo perferendis odio ut nihil. Asperiores earum excepturi est et quis quia debitis. Cumque expedita adipisci accusantium eaque eaque ut corrupti.', 0, '2018-06-19 00:07:00', '2018-06-19 00:07:00'),
(42, 342, 'Amy Nolan', 'Qui possimus dolorem voluptas maxime vitae laborum est. Numquam nihil omnis quidem. Ut dolorum provident corrupti sed nam.', 2, '2018-06-19 00:07:00', '2018-06-19 00:07:00'),
(43, 332, 'Monroe Wehner', 'Quia inventore dolor dolor est et quo aut sit. Qui qui non quia dolor in et odio inventore. Est ab beatae quis voluptatibus vero velit est. Quam aut explicabo voluptates ut est sint.', 3, '2018-06-19 00:07:00', '2018-06-19 00:07:00'),
(44, 253, 'Maryam Fisher', 'Nemo modi incidunt fuga voluptatem autem nulla. Est voluptatem est aut doloremque quia et. Ullam tempora quos est animi qui. Soluta tempora rerum rerum et.', 5, '2018-06-19 00:07:00', '2018-06-19 00:07:00'),
(45, 311, 'Dr. Leda Kshlerin DVM', 'Dolores molestias soluta et minus aut voluptas. Et dolorum ut quaerat. Sit est explicabo dignissimos molestias accusamus ut. Illum labore molestiae nihil.', 5, '2018-06-19 00:07:00', '2018-06-19 00:07:00'),
(46, 326, 'Marlen Mueller', 'Neque unde dolorum ab sit et natus. Iure est ut sapiente. Iste earum similique ratione consectetur.', 4, '2018-06-19 00:07:00', '2018-06-19 00:07:00'),
(47, 264, 'Leanna Ziemann', 'Omnis repellendus labore delectus voluptatum. Odit voluptates facilis magni et sed. Provident molestiae ut quasi omnis. Voluptatibus vel omnis perspiciatis consectetur magni voluptas eaque eos.', 0, '2018-06-19 00:07:00', '2018-06-19 00:07:00'),
(48, 316, 'Nathen Willms', 'Ut ea dolor quia consequatur repellendus ea rerum. Saepe ut assumenda qui et et tempora ut. Quo nihil est dignissimos nesciunt deleniti qui ea. Dolorem corporis sunt asperiores.', 0, '2018-06-19 00:07:00', '2018-06-19 00:07:00'),
(49, 270, 'Rosendo Herzog', 'Rerum quia rerum excepturi ea maxime fuga. Eligendi voluptatum reiciendis aperiam dolor est nesciunt modi nulla.', 1, '2018-06-19 00:07:00', '2018-06-19 00:07:00'),
(50, 308, 'Omari Leuschke', 'Dicta aut autem dolor sunt autem voluptates. Sunt a necessitatibus nulla velit ea quia consequatur. Suscipit natus illum dolor tempora et nobis voluptatem. Consequatur possimus temporibus animi. Alias ratione ullam accusantium quis nisi delectus sint.', 0, '2018-06-19 00:07:00', '2018-06-19 00:07:00'),
(51, 275, 'America McKenzie', 'Reiciendis est necessitatibus vel et quisquam et. Ut cum laboriosam aut vitae voluptas. Quasi dolor illo iusto placeat est necessitatibus. Illum voluptatem aliquid excepturi.', 5, '2018-06-19 00:07:00', '2018-06-19 00:07:00'),
(52, 297, 'Baron Johnson', 'Sint eligendi perspiciatis doloremque quia. Iste itaque voluptatem officiis et mollitia. Nam expedita qui dolorem corporis corporis et ea. Atque autem dolorem veniam delectus qui vel.', 5, '2018-06-19 00:07:00', '2018-06-19 00:07:00'),
(53, 258, 'Prof. Hope Little IV', 'Et distinctio molestiae voluptatem iste. Delectus veritatis necessitatibus qui enim praesentium consequatur sit. Accusamus fugit neque rem voluptatem. Consectetur est minima molestias et amet.', 0, '2018-06-19 00:07:00', '2018-06-19 00:07:00'),
(54, 294, 'Elbert Price I', 'Autem magnam corporis odit et rerum totam. Vel occaecati qui necessitatibus in dolorum omnis. Nobis est corporis adipisci sit. Ut dolorum iste totam incidunt et est in.', 3, '2018-06-19 00:07:00', '2018-06-19 00:07:00'),
(55, 319, 'Erich Rolfson II', 'Voluptas eveniet esse quos dolorem. Est corrupti dolorem illum vero quos tempore. Accusamus nulla omnis quia ipsum nihil quod possimus voluptatem.', 1, '2018-06-19 00:07:00', '2018-06-19 00:07:00'),
(56, 265, 'Alva Marquardt', 'Impedit quaerat porro est consequatur. Corrupti vitae corporis sunt et aut perferendis officiis. Laboriosam sint harum aut nam sint aspernatur. Sit ducimus nihil enim hic porro pariatur.', 0, '2018-06-19 00:07:00', '2018-06-19 00:07:00'),
(57, 287, 'Dorthy Sauer', 'Et harum necessitatibus nihil voluptatibus velit sunt cupiditate iste. Veniam sed id numquam eaque numquam sequi. Possimus mollitia quaerat iusto asperiores at.', 1, '2018-06-19 00:07:00', '2018-06-19 00:07:00'),
(58, 322, 'Ms. Emelie Murazik', 'Suscipit nihil earum est. Illo illum in ut. Animi inventore id neque minus incidunt amet.', 3, '2018-06-19 00:07:00', '2018-06-19 00:07:00'),
(59, 284, 'Fred Crist', 'Ipsa possimus deleniti et ut sapiente ut cum. Quo rem quod vel dicta corrupti molestiae eos. Velit architecto in autem tempora atque deserunt corrupti unde. Voluptas earum sunt iste expedita aspernatur quas.', 5, '2018-06-19 00:07:00', '2018-06-19 00:07:00'),
(60, 303, 'Dr. Therese Green MD', 'Sed neque provident nisi. Ullam consectetur cum perferendis nam velit necessitatibus. Labore occaecati magni qui voluptate aut quod in. Blanditiis alias nostrum modi sint alias sequi. Minima placeat blanditiis fugit.', 5, '2018-06-19 00:07:00', '2018-06-19 00:07:00'),
(61, 343, 'Delta Brakus', 'Est aliquid aliquid quis. Sint iste et voluptatem. Iste deleniti aut quam velit rerum iste. Est dolorem saepe omnis recusandae a.', 0, '2018-06-19 00:07:00', '2018-06-19 00:07:00'),
(62, 331, 'Mr. Garrison Vandervort', 'Voluptatem maiores facere laudantium non repellat cum eveniet. Necessitatibus minus quisquam et veniam consequuntur. Reprehenderit exercitationem aut reiciendis odit sit necessitatibus ipsum velit.', 2, '2018-06-19 00:07:00', '2018-06-19 00:07:00'),
(63, 306, 'Miss Emelie Langworth IV', 'Sint rem voluptate esse fugiat numquam eum. Consectetur est dicta dolorum asperiores cumque porro quis.', 1, '2018-06-19 00:07:00', '2018-06-19 00:07:00'),
(64, 283, 'Dr. Hayden Osinski', 'Aut ea recusandae amet itaque. Aut mollitia veniam deleniti enim. Et fugit ratione qui temporibus sint ut veniam.', 3, '2018-06-19 00:07:00', '2018-06-19 00:07:00'),
(65, 350, 'Sadye Kihn', 'Aperiam in vel ea praesentium et excepturi porro. Voluptatem sed optio qui voluptate. Optio nobis aut enim quae fugit.', 0, '2018-06-19 00:07:00', '2018-06-19 00:07:00'),
(66, 269, 'Austyn Fadel', 'Nisi fugiat atque fugiat saepe vel aut odio. Et maxime voluptatem qui ab beatae reprehenderit eum deleniti. Est enim praesentium quo illum eius natus ratione. Incidunt quam nemo impedit nam enim.', 0, '2018-06-19 00:07:00', '2018-06-19 00:07:00'),
(67, 349, 'Jace Mueller', 'Veniam non optio et illo aliquam. Ducimus autem rerum labore eos quis qui. Et sint occaecati autem aspernatur sed sed sint iusto.', 5, '2018-06-19 00:07:00', '2018-06-19 00:07:00'),
(68, 348, 'Jaquelin Hickle', 'Qui perferendis qui sit dicta perspiciatis. Repudiandae praesentium porro voluptatem aut voluptas. Fugit enim aspernatur molestiae necessitatibus eveniet. Cumque non ad est vero hic consequatur. Explicabo aut ab corporis omnis.', 3, '2018-06-19 00:07:00', '2018-06-19 00:07:00'),
(69, 346, 'Myrtie Romaguera', 'Nostrum ad eius et. Cupiditate pariatur sed at reprehenderit.', 3, '2018-06-19 00:07:00', '2018-06-19 00:07:00'),
(70, 281, 'Miss Fleta Buckridge V', 'Consequuntur vel voluptatem eaque repudiandae nemo sit harum. Voluptatem voluptas minus reprehenderit autem iusto. Et eos qui alias impedit dolor laudantium quam.', 1, '2018-06-19 00:07:00', '2018-06-19 00:07:00'),
(71, 325, 'Jacinthe DuBuque DDS', 'Eaque voluptas tenetur eum aperiam est est repellendus. Consequatur provident explicabo incidunt eos rerum tenetur cumque. Recusandae ut veritatis veritatis quo rerum. Ex similique magni excepturi velit iusto.', 3, '2018-06-19 00:07:00', '2018-06-19 00:07:00'),
(72, 288, 'Mr. Parker Rippin', 'Et itaque consequatur sit est totam. Et enim rem et sed earum. Facilis a eaque perspiciatis id occaecati consequuntur ab unde. Quis atque velit fuga id iure enim.', 4, '2018-06-19 00:07:00', '2018-06-19 00:07:00'),
(73, 329, 'Mr. Laverne Kshlerin IV', 'Distinctio qui ab voluptatibus et labore. Laboriosam quasi voluptas ut soluta. Aut minus et iusto. Dolor libero dolore mollitia totam. Inventore quis non assumenda est placeat deserunt.', 5, '2018-06-19 00:07:00', '2018-06-19 00:07:00'),
(74, 254, 'Al Hand', 'Possimus voluptatem voluptas quis eius officia ad et voluptas. Ut reiciendis aut nemo perferendis molestiae ad dolorum. Nemo et minima quam saepe et eos excepturi fugiat.', 1, '2018-06-19 00:07:00', '2018-06-19 00:07:00'),
(75, 329, 'Shannon Feeney', 'Perspiciatis esse non voluptatem. Aspernatur optio sequi explicabo nulla. Minus voluptatem repellat eius dignissimos. Dolores quidem quidem quia facilis omnis.', 4, '2018-06-19 00:07:00', '2018-06-19 00:07:00'),
(76, 291, 'Prof. Candido Rowe V', 'Qui tempora minima est consequatur. Possimus est vero occaecati repellendus ad. Nulla perspiciatis est sunt expedita excepturi suscipit neque expedita.', 0, '2018-06-19 00:07:00', '2018-06-19 00:07:00'),
(77, 286, 'Rey Bailey', 'Sint unde est quis esse enim ut alias. Sit unde qui error qui omnis vero. Aut voluptate ad quasi consequuntur quia. Laboriosam ullam voluptatem consequatur harum facilis distinctio sunt.', 5, '2018-06-19 00:07:00', '2018-06-19 00:07:00'),
(78, 322, 'Arnulfo Pagac', 'Minima eos modi itaque aperiam facilis deleniti sunt labore. Quos incidunt vel modi nihil dolores tempora. Non excepturi eum veniam.', 0, '2018-06-19 00:07:00', '2018-06-19 00:07:00'),
(79, 282, 'Wilson Von', 'Sunt accusamus in harum velit autem qui earum numquam. Enim facere laboriosam vitae ut sit.', 4, '2018-06-19 00:07:00', '2018-06-19 00:07:00'),
(80, 271, 'Bulah Durgan', 'Culpa temporibus vel eos dolor ea doloribus. Aperiam eos at nam voluptas eos culpa eligendi. Magni quae autem assumenda laudantium. Rem est pariatur eos blanditiis eveniet qui.', 1, '2018-06-19 00:07:00', '2018-06-19 00:07:00'),
(81, 274, 'Marvin Olson', 'Harum molestias et porro voluptatem. Eligendi vel magnam quam iure ducimus. Non velit eligendi qui quis consectetur repellendus.', 2, '2018-06-19 00:07:00', '2018-06-19 00:07:00'),
(82, 254, 'Ellsworth Kemmer', 'Aut quas enim nostrum modi assumenda. Eum et totam facere id eius eos quasi. Expedita laborum perspiciatis iusto quia qui quia placeat. Doloremque velit voluptas repellat error perferendis libero libero eveniet.', 4, '2018-06-19 00:07:00', '2018-06-19 00:07:00'),
(83, 264, 'Mr. Rollin Stiedemann MD', 'Dolorem mollitia quia libero. Quisquam ut quia fuga. At odit eos quidem dignissimos.', 0, '2018-06-19 00:07:00', '2018-06-19 00:07:00'),
(84, 273, 'Hershel Mueller', 'Harum et est repudiandae suscipit debitis alias. Aut corrupti esse fugiat dolor. Eius id odit dolor placeat et id et. Numquam nulla perspiciatis unde qui aut sed eum ullam. Qui beatae non ab et veritatis eos.', 5, '2018-06-19 00:07:00', '2018-06-19 00:07:00'),
(85, 341, 'Octavia Littel', 'Odit eos vel dolores molestiae tenetur fugit sit. Eos non voluptate iusto molestiae velit adipisci incidunt. Sed similique qui vel aspernatur.', 2, '2018-06-19 00:07:00', '2018-06-19 00:07:00'),
(86, 347, 'Hope Runolfsdottir', 'Perferendis facere sequi velit dolorem natus tempore. Dolores ab fuga sed molestiae odio dignissimos quidem. Esse quasi ut quis ducimus et. Esse et rerum error ea adipisci mollitia.', 3, '2018-06-19 00:07:00', '2018-06-19 00:07:00'),
(87, 289, 'Jennie Gislason', 'Et ullam autem necessitatibus maxime aspernatur unde exercitationem. Rerum et corporis sint iusto. Eos temporibus est et aliquam voluptatem repellat.', 3, '2018-06-19 00:07:00', '2018-06-19 00:07:00'),
(88, 284, 'Zola Dietrich DVM', 'Optio explicabo et rerum vel rem. Voluptatem ut et dolores occaecati et. At nihil doloremque asperiores dolor sequi corporis itaque.', 5, '2018-06-19 00:07:00', '2018-06-19 00:07:00'),
(89, 319, 'Noel Gerhold', 'Deleniti ad quod commodi iure ex quas sint. Nihil sunt consequatur labore odit qui.', 5, '2018-06-19 00:07:00', '2018-06-19 00:07:00'),
(90, 252, 'Ms. Kara Hackett PhD', 'Nihil dicta eaque iusto et non et quas. Error dignissimos qui asperiores officiis et officiis. Nam sed ipsum ut autem. Nostrum ut odit incidunt accusamus.', 4, '2018-06-19 00:07:00', '2018-06-19 00:07:00'),
(91, 253, 'Clement Rolfson V', 'Rerum quia ad delectus est adipisci reiciendis nostrum. Quis repellendus sed ut ipsum maiores consequatur. Consequatur sit quisquam nostrum culpa itaque iure.', 2, '2018-06-19 00:07:00', '2018-06-19 00:07:00'),
(92, 285, 'Mrs. Sophia Nitzsche', 'Vel eveniet facere deleniti vitae deserunt et iure dolor. Ex fugiat animi consequatur. Sit praesentium id facilis voluptates deleniti ratione.', 3, '2018-06-19 00:07:00', '2018-06-19 00:07:00'),
(93, 327, 'Dane Spencer', 'Doloribus labore quia omnis maxime. Eum non laudantium deleniti praesentium molestiae tenetur esse. Eos modi reprehenderit saepe soluta qui rem et. Eaque architecto est labore.', 2, '2018-06-19 00:07:00', '2018-06-19 00:07:00'),
(94, 262, 'Shyanne Renner', 'Voluptatem adipisci quas nobis. Pariatur autem saepe aspernatur est.', 4, '2018-06-19 00:07:00', '2018-06-19 00:07:00'),
(95, 344, 'Susana Barrows', 'Velit nihil adipisci ea consequatur libero. Maiores accusamus eligendi nemo voluptas quam sed excepturi. Autem placeat laboriosam maiores et.', 4, '2018-06-19 00:07:00', '2018-06-19 00:07:00'),
(96, 251, 'Ruth Gusikowski DVM', 'Voluptatibus et ducimus dolores qui ab. Sed voluptate similique aut eveniet ut. Omnis consectetur fugiat fugit mollitia ab.', 1, '2018-06-19 00:07:00', '2018-06-19 00:07:00'),
(97, 283, 'Emilio Dickens', 'Ut laborum veritatis est est enim ea officiis. Ab quibusdam ipsa molestias sunt quibusdam voluptatem. Animi et quia autem inventore voluptatem tempora. Itaque enim accusantium dolorem recusandae nemo corporis.', 0, '2018-06-19 00:07:00', '2018-06-19 00:07:00'),
(98, 285, 'Edmund Stamm', 'Aut in error odio consequatur optio vitae. Id molestiae repudiandae veniam illum quaerat perspiciatis. Voluptates voluptas maiores maxime dolor eaque qui quos.', 2, '2018-06-19 00:07:00', '2018-06-19 00:07:00'),
(99, 317, 'Marc Gibson', 'Nobis cum nemo doloribus odio. Qui ex voluptatibus et. Accusamus dolore consequuntur labore hic expedita maiores vel.', 5, '2018-06-19 00:07:00', '2018-06-19 00:07:00'),
(100, 308, 'Reymundo Denesik DDS', 'Ut et aperiam sunt est voluptas assumenda quia sit. Temporibus deleniti eum iure non porro sapiente. Eos blanditiis modi culpa et adipisci eum. Ullam officiis voluptates a quam cum.', 4, '2018-06-19 00:07:00', '2018-06-19 00:07:00'),
(101, 261, 'Ana Morar', 'Labore illo enim et et aut ipsa. Dolorum est tempora similique aut ut qui sint ratione. Enim consequatur a nihil iusto omnis quas error corporis. Incidunt officia libero maiores.', 1, '2018-06-19 00:07:00', '2018-06-19 00:07:00'),
(102, 258, 'Cristopher Smitham', 'Atque molestiae est quia. Odio qui debitis tempore laborum voluptates. Dolor omnis rerum voluptatum qui magni animi culpa. Pariatur praesentium ipsam enim minus. Omnis fuga maiores ipsa atque excepturi mollitia perferendis necessitatibus.', 2, '2018-06-19 00:07:00', '2018-06-19 00:07:00'),
(103, 340, 'Everardo Crooks', 'Id ullam doloribus quis assumenda modi ut. Ab libero ad et at repudiandae pariatur consequatur ab. Sit doloribus aliquid ea reprehenderit ducimus qui.', 4, '2018-06-19 00:07:00', '2018-06-19 00:07:00'),
(104, 330, 'Prof. Ottilie Kuphal', 'Reprehenderit excepturi inventore aut enim quis voluptatem. Sed qui labore culpa velit sed sunt. Neque dolores vel a quos voluptatum.', 1, '2018-06-19 00:07:00', '2018-06-19 00:07:00'),
(105, 279, 'Alene Kuhlman', 'Beatae dolor facere eveniet minus autem nostrum. Ratione alias est maiores unde officia nobis. Autem suscipit laborum et voluptatem saepe.', 4, '2018-06-19 00:07:00', '2018-06-19 00:07:00'),
(106, 318, 'Prof. Aurelio Hane', 'Soluta sint explicabo et et commodi quas qui. Eveniet quis molestiae rerum id ut voluptas neque. Non excepturi est aliquam magnam sunt doloribus maiores.', 3, '2018-06-19 00:07:00', '2018-06-19 00:07:00'),
(107, 322, 'Oral Satterfield', 'Hic dolorum reiciendis nam fugiat. Repellat ipsum et vel saepe. Asperiores quae quis voluptatem ipsum ut voluptatum amet. Cum reiciendis expedita eos sed nihil accusamus nemo.', 4, '2018-06-19 00:07:00', '2018-06-19 00:07:00'),
(108, 310, 'Garret D\'Amore', 'Distinctio eligendi qui quia. Ad eos quasi tempore asperiores quia et. Soluta rerum molestias earum corporis et est.', 2, '2018-06-19 00:07:00', '2018-06-19 00:07:00'),
(109, 254, 'Henriette Luettgen', 'Enim occaecati voluptas magnam quo id ex. Voluptate et qui voluptatem. Dicta aspernatur voluptatem soluta ipsum.', 1, '2018-06-19 00:07:00', '2018-06-19 00:07:00'),
(110, 259, 'Prof. Clare Hansen', 'Consectetur nihil ad nesciunt ut dolores molestiae harum quod. Sint soluta reprehenderit repellat laborum debitis ut. Enim eveniet dolorem culpa rerum in qui. Quae illum praesentium nemo qui excepturi minima.', 4, '2018-06-19 00:07:00', '2018-06-19 00:07:00'),
(111, 288, 'Camilla Wintheiser', 'In unde quaerat beatae aperiam odit. Ut earum illo beatae minima ipsa debitis dolorem. Voluptas corrupti neque nesciunt.', 0, '2018-06-19 00:07:00', '2018-06-19 00:07:00'),
(112, 304, 'Billie Roberts', 'Quod quidem sunt delectus ut veniam iste qui. Soluta harum molestias qui quidem nobis. Qui corrupti quidem et similique. Tempora impedit et iure qui consectetur dolore.', 0, '2018-06-19 00:07:00', '2018-06-19 00:07:00'),
(113, 331, 'Dr. Gunner Labadie Jr.', 'Voluptates reiciendis qui pariatur quisquam consequuntur perferendis. Sint impedit aut nihil delectus itaque incidunt voluptas. Natus non ab quia provident impedit quia omnis ratione. Voluptatibus sapiente saepe nesciunt velit quod vel. Est est architecto consequatur eum distinctio dolorem.', 3, '2018-06-19 00:07:00', '2018-06-19 00:07:00'),
(114, 282, 'Dr. Elena Kutch III', 'Autem inventore voluptates eius. Rerum alias et blanditiis est eius omnis. Quisquam officiis consectetur pariatur dolor in. Atque quia voluptas rerum est error quia quo.', 2, '2018-06-19 00:07:00', '2018-06-19 00:07:00'),
(115, 261, 'Margaretta Marks', 'Exercitationem perspiciatis ipsum rerum quis facilis praesentium doloribus. Placeat enim aut ratione facilis sed ullam consequatur. Ut doloremque iure est quia placeat velit. Incidunt tenetur eos repudiandae ea praesentium ullam.', 5, '2018-06-19 00:07:00', '2018-06-19 00:07:00'),
(116, 319, 'Dr. Johnnie Cronin IV', 'Eveniet ex nihil nobis assumenda at sequi. Fuga aut dicta corporis possimus sed dolorum nihil fugit. Perspiciatis numquam et et sed tempora. Expedita totam sint error deleniti consectetur.', 0, '2018-06-19 00:07:00', '2018-06-19 00:07:00'),
(117, 288, 'Alverta Brekke', 'Aut nihil quia exercitationem nam. Maxime quisquam nostrum nulla dolores voluptate et laborum aut. Suscipit error fugiat ullam enim dolores officia ad. Explicabo eligendi aut quia non quia ut dolorem.', 2, '2018-06-19 00:07:00', '2018-06-19 00:07:00'),
(118, 312, 'Jermey Emmerich', 'Illo quia soluta dicta cupiditate. Error est dolor omnis vitae qui. Sed impedit voluptatem officia voluptates quae minima impedit.', 5, '2018-06-19 00:07:00', '2018-06-19 00:07:00'),
(119, 332, 'Shea Ondricka', 'Harum saepe ut voluptatem occaecati. Quas ratione expedita ut nobis. Ex voluptatem voluptate et voluptatum perferendis adipisci. Magni similique beatae ad necessitatibus.', 4, '2018-06-19 00:07:00', '2018-06-19 00:07:00'),
(120, 267, 'Elna Welch', 'Est eos sapiente facilis id nesciunt sit. Aut officia molestiae aut quod sint qui iste labore. Fuga quia voluptatem illum exercitationem qui quisquam. A quis libero maiores a.', 5, '2018-06-19 00:07:00', '2018-06-19 00:07:00'),
(121, 311, 'Tiara Wolff', 'Aut porro assumenda ipsa blanditiis necessitatibus nostrum soluta molestias. Dolorem provident praesentium hic minus velit omnis. Ipsum aut veritatis qui cum distinctio autem accusamus velit. Aliquam totam eveniet nihil perferendis.', 5, '2018-06-19 00:07:00', '2018-06-19 00:07:00'),
(122, 256, 'Conner Lang', 'Accusamus nobis laborum quod qui. Fuga a autem laboriosam adipisci labore placeat quasi. Enim ut et magni excepturi beatae beatae similique cumque.', 2, '2018-06-19 00:07:00', '2018-06-19 00:07:00'),
(123, 262, 'Schuyler Zieme', 'Alias velit aliquam aut consequatur illum assumenda. Veritatis ea voluptas corrupti et vel rerum. Nemo quam eos doloribus itaque accusantium enim.', 0, '2018-06-19 00:07:00', '2018-06-19 00:07:00'),
(124, 270, 'Avis Rippin', 'Accusantium est nemo modi nostrum accusantium eum. Et numquam expedita esse ut. Et reprehenderit nesciunt temporibus itaque id suscipit.', 3, '2018-06-19 00:07:00', '2018-06-19 00:07:00'),
(125, 331, 'Prof. Eugene Grant', 'Voluptatem est id corrupti nesciunt qui exercitationem. Quidem iste consequatur est dolorem sunt laborum et. Nostrum vero qui dolorem tempore.', 2, '2018-06-19 00:07:00', '2018-06-19 00:07:00'),
(126, 335, 'Gertrude Kulas III', 'Minima non cupiditate accusantium corporis at vero accusantium. Tempora nemo vitae dolor voluptatem. Non voluptatem repellat non sit sit veniam voluptas. Culpa quia officia ex maxime et vel. Eligendi neque mollitia ullam ea.', 1, '2018-06-19 00:07:00', '2018-06-19 00:07:00'),
(127, 330, 'Madelyn Rice', 'Eos quia suscipit ipsum modi. Expedita ipsam veritatis ut totam sunt.', 4, '2018-06-19 00:07:00', '2018-06-19 00:07:00'),
(128, 263, 'Dr. Dewitt Rice', 'Voluptas odio saepe et veritatis qui. Aut temporibus sed amet libero placeat aspernatur expedita sunt. Repellendus ut distinctio voluptates dolor. Cumque tenetur amet ullam quis.', 2, '2018-06-19 00:07:00', '2018-06-19 00:07:00'),
(129, 274, 'Dr. Flavio Sawayn', 'Soluta ut blanditiis eos eveniet est. Deserunt est corrupti velit. Maiores suscipit incidunt non dolorem nesciunt.', 5, '2018-06-19 00:07:00', '2018-06-19 00:07:00'),
(130, 277, 'Kelsie Kovacek', 'Quaerat at magni dignissimos dolor quaerat repellendus animi. Aut recusandae ducimus illum qui quia voluptatibus. Nesciunt temporibus eum et. Esse libero quis vel est.', 3, '2018-06-19 00:07:00', '2018-06-19 00:07:00'),
(131, 270, 'Jaydon Heaney', 'Aspernatur quia ut sequi. Qui magni laboriosam ut vero et possimus. Explicabo sequi vel vitae et.', 3, '2018-06-19 00:07:00', '2018-06-19 00:07:00'),
(132, 347, 'Norma Stanton', 'Ipsa maxime eligendi aut qui modi voluptas quibusdam. Ut enim labore autem doloribus aut molestias. Quae nostrum fuga voluptas accusantium veritatis id.', 1, '2018-06-19 00:07:00', '2018-06-19 00:07:00'),
(133, 290, 'Grayce Harvey', 'At officia quia quisquam atque tempore soluta autem. Praesentium vero laboriosam consequatur cumque. Sit illum ex adipisci distinctio.', 4, '2018-06-19 00:07:00', '2018-06-19 00:07:00'),
(134, 253, 'Hudson Greenholt', 'Eaque aut in doloribus ratione explicabo. Cum quisquam omnis quos. Qui et ullam repellat eos delectus dolor vel culpa.', 1, '2018-06-19 00:07:00', '2018-06-19 00:07:00'),
(135, 343, 'Mrs. Sister Fay', 'Quidem excepturi ut blanditiis ipsum dolorum qui. Odio est tenetur beatae dolorum nisi. Et perspiciatis voluptatibus eius quod vero in modi. Sunt et deleniti minima nemo cum voluptas eveniet quia.', 3, '2018-06-19 00:07:00', '2018-06-19 00:07:00'),
(136, 307, 'Mr. Hermann O\'Conner', 'Ducimus eum et ut corporis aut labore pariatur. Velit reprehenderit quibusdam autem nam necessitatibus non. Voluptates ex molestias rerum et assumenda eaque.', 2, '2018-06-19 00:07:00', '2018-06-19 00:07:00'),
(137, 334, 'Timmothy Spencer V', 'Saepe voluptatem voluptatibus veniam. Rem est modi sapiente eaque ut error. Est est repellendus deleniti aliquam blanditiis. Sapiente ut inventore at fuga et.', 3, '2018-06-19 00:07:00', '2018-06-19 00:07:00'),
(138, 261, 'Prof. Leonardo Dietrich', 'Rerum et voluptate rerum et quod recusandae velit amet. Inventore ad minima et dolorem qui quam sunt. Nesciunt eius labore neque qui quo.', 5, '2018-06-19 00:07:00', '2018-06-19 00:07:00'),
(139, 302, 'Mrs. Elfrieda Schmeler', 'Odio veniam est natus ea dolorem. Quibusdam quis excepturi placeat sed totam repudiandae. Voluptates vel vel fuga. Veritatis corrupti excepturi nemo nobis.', 2, '2018-06-19 00:07:00', '2018-06-19 00:07:00'),
(140, 296, 'Abigail Maggio', 'Debitis repudiandae illo alias rem accusamus qui illo. Sit eligendi sapiente reiciendis. Ipsum itaque adipisci quae repellendus. Et est optio eum assumenda tempore voluptas.', 4, '2018-06-19 00:07:00', '2018-06-19 00:07:00'),
(141, 285, 'Mrs. Madonna Hickle PhD', 'Magnam beatae ut nostrum nulla laboriosam. Voluptatem occaecati voluptatibus molestiae accusamus quo. Repellendus dolores molestiae magni quo. Cumque officiis id quo soluta optio sapiente architecto.', 2, '2018-06-19 00:07:00', '2018-06-19 00:07:00'),
(142, 287, 'Dr. Abbigail Mills', 'Odio perspiciatis voluptatem quo ratione officiis. Facere repellat modi temporibus quas ex. Consequatur veniam cupiditate itaque nulla numquam id error rem. Numquam pariatur iure rerum.', 0, '2018-06-19 00:07:00', '2018-06-19 00:07:00'),
(143, 270, 'Torrey Aufderhar', 'Vel qui nobis velit asperiores mollitia rem. Unde sequi expedita iusto iure id. Et aut sed quisquam quam et impedit delectus.', 3, '2018-06-19 00:07:00', '2018-06-19 00:07:00'),
(144, 291, 'Prof. Monica Yost', 'Ut ut facere veritatis doloribus culpa sed. Quibusdam eum ullam quo hic voluptatem qui ut. Ipsam rerum eligendi autem repellat autem. Eveniet aut at et officiis eum unde.', 1, '2018-06-19 00:07:00', '2018-06-19 00:07:00'),
(145, 286, 'Pascale Brown V', 'Nesciunt vitae nemo dolore quis adipisci dolores labore. Dignissimos earum est repudiandae perferendis tempora. Ut officia nemo laboriosam dolor reiciendis doloremque autem. Necessitatibus ullam ea doloremque ab neque. Vel et minima sequi officia.', 0, '2018-06-19 00:07:00', '2018-06-19 00:07:00'),
(146, 271, 'Phyllis Veum', 'Id numquam voluptas fugiat voluptate voluptatem. Error eligendi porro ut iste ipsa. Sit ea distinctio fugit neque ullam quia quia. Consequuntur ducimus et dignissimos unde nihil nihil ea.', 1, '2018-06-19 00:07:00', '2018-06-19 00:07:00'),
(147, 311, 'Lola Crist', 'Rerum explicabo et est eum voluptatem nesciunt quisquam. Quos ut facilis aliquid ab consequatur non ipsum voluptate. Sint ut aliquam minima qui perferendis rem et.', 5, '2018-06-19 00:07:00', '2018-06-19 00:07:00'),
(148, 273, 'Felicita Crona', 'Nihil hic unde eaque amet est. Accusamus explicabo voluptatem asperiores eligendi. Cumque odio magni et quasi impedit quasi.', 0, '2018-06-19 00:07:00', '2018-06-19 00:07:00'),
(149, 332, 'Prof. Ena Kautzer', 'Dicta et quibusdam suscipit eaque earum velit. Vitae rerum accusantium consequatur. Sint dolor est aliquid sed non voluptatum qui.', 5, '2018-06-19 00:07:00', '2018-06-19 00:07:00'),
(150, 277, 'Laura Bayer', 'Sit pariatur adipisci officiis fugiat. Hic fuga sint voluptates sunt doloribus ut.', 2, '2018-06-19 00:07:00', '2018-06-19 00:07:00'),
(151, 285, 'Justina Gutkowski PhD', 'Illo est sed dolores sed nihil omnis officiis quo. Labore rem quod aperiam. Rerum consequatur fuga voluptatem aliquid qui. Eius nihil et animi sunt placeat et. Et voluptatem unde ea aut aut ut maxime.', 4, '2018-06-19 00:07:00', '2018-06-19 00:07:00'),
(152, 320, 'Mrs. Meta Bernier V', 'Perferendis sint nulla at minus aut ullam. Odit aspernatur nobis consequatur delectus eius natus voluptatibus consequuntur. Voluptatem inventore rerum a quis quasi sit iure. Quia autem nihil eos illo.', 3, '2018-06-19 00:07:00', '2018-06-19 00:07:00'),
(153, 257, 'Maymie Blick', 'Et et dignissimos cupiditate eaque. In quia reiciendis est delectus voluptas quia. Eum fugiat maxime dolores ducimus. Quibusdam molestiae illo aut. Occaecati dicta aut dicta magnam voluptas quisquam atque.', 3, '2018-06-19 00:07:00', '2018-06-19 00:07:00'),
(154, 326, 'Cecile Schamberger IV', 'Dicta ipsum cumque alias illum non. Similique et adipisci commodi eum quis deleniti totam labore. Velit sed dolore voluptas harum ratione. Qui molestiae incidunt totam debitis vel repellat.', 3, '2018-06-19 00:07:00', '2018-06-19 00:07:00'),
(155, 296, 'Mr. Neil Howell Sr.', 'Aliquid suscipit est molestiae. Qui omnis sint aliquam aut rerum sed qui. Maiores repellat quisquam porro tempore architecto.', 4, '2018-06-19 00:07:00', '2018-06-19 00:07:00'),
(156, 345, 'Frida Rohan I', 'Veniam corporis qui aut magni aut. Ducimus ipsum adipisci consequatur laboriosam quia accusamus eveniet. Recusandae pariatur et voluptatem error ipsam. Veniam et atque id.', 0, '2018-06-19 00:07:00', '2018-06-19 00:07:00'),
(157, 289, 'Daisha Ziemann', 'Rerum architecto ullam velit tempore earum incidunt. Autem sapiente eius id quis atque est sequi. Sint est ut totam ea. Recusandae eveniet quam quis aut recusandae cumque repellat sapiente. Omnis magni qui ad eius voluptas maiores.', 0, '2018-06-19 00:07:00', '2018-06-19 00:07:00'),
(158, 320, 'Angelita Bauch', 'Perferendis ducimus similique at voluptas fugit in expedita ratione. Aut qui quidem eaque cumque rerum. Nesciunt ut quam fugiat quos vitae ut non.', 5, '2018-06-19 00:07:00', '2018-06-19 00:07:00'),
(159, 296, 'Johathan Thiel', 'Accusantium voluptatum perspiciatis pariatur tempore nisi. Mollitia nam magni asperiores accusamus perferendis voluptates minima architecto. Molestiae nobis quo dolorem. Aut deserunt velit animi eos vero aperiam recusandae.', 0, '2018-06-19 00:07:00', '2018-06-19 00:07:00'),
(160, 290, 'Lawson McDermott', 'Distinctio natus quo magnam nostrum. Similique occaecati architecto corporis sequi autem. Tempore voluptatibus exercitationem maiores nam quia. Harum maiores nobis odio voluptas aut harum aliquam.', 5, '2018-06-19 00:07:00', '2018-06-19 00:07:00'),
(161, 320, 'Hallie Johnson', 'Reprehenderit quasi quia illum deserunt voluptas deserunt quae dolor. Eligendi possimus molestiae quasi eum.', 1, '2018-06-19 00:07:00', '2018-06-19 00:07:00'),
(162, 348, 'Esteban Willms', 'Accusantium aut ducimus omnis eos eos. Maxime soluta at cumque qui sed. Ullam exercitationem nesciunt accusamus et. Qui magni neque rerum laboriosam.', 5, '2018-06-19 00:07:00', '2018-06-19 00:07:00'),
(163, 334, 'Rebeka Reinger', 'Saepe quibusdam esse vero vel consequatur et. Facere doloribus eveniet porro est aut. Beatae aut qui delectus assumenda eum. Laboriosam quia doloremque aliquam occaecati ea.', 4, '2018-06-19 00:07:00', '2018-06-19 00:07:00'),
(164, 344, 'Mr. Kendall Zieme', 'Eos possimus eum omnis. Distinctio ut tempora repellendus laboriosam veniam aut explicabo. Nisi iste cum amet eum dolores quasi in.', 3, '2018-06-19 00:07:00', '2018-06-19 00:07:00'),
(165, 260, 'Keagan Murazik', 'Corrupti illo sint sit reiciendis. Deleniti unde et repudiandae dolores enim. Est iste quia qui eius veritatis debitis. Ea et rerum soluta id error.', 0, '2018-06-19 00:07:00', '2018-06-19 00:07:00'),
(166, 259, 'Fidel Feest', 'Rerum exercitationem qui recusandae tempora molestiae. Quia voluptas quo nihil assumenda enim laudantium. Tempora in dolorum facere iusto necessitatibus enim nesciunt. Vel porro et omnis voluptas.', 2, '2018-06-19 00:07:00', '2018-06-19 00:07:00'),
(167, 310, 'Prof. Mathias Schaden', 'Est ea officiis eaque. Nesciunt sunt modi ad dolores. Voluptatem aspernatur eligendi et deleniti.', 2, '2018-06-19 00:07:00', '2018-06-19 00:07:00'),
(168, 285, 'Alden Schimmel III', 'Iusto veritatis maxime consequatur est non eius voluptates. Et sit ipsam ut laboriosam perspiciatis distinctio laborum. Qui velit non qui et aut neque dignissimos qui.', 5, '2018-06-19 00:07:00', '2018-06-19 00:07:00'),
(169, 328, 'Lilly Dooley', 'Soluta aut libero cumque veniam voluptatem. Minus quia dolorum aut ipsa reprehenderit id. Ratione fugit ut minima est eos quam nesciunt. Velit corrupti quo omnis quasi aut molestiae dolorum. Dolore distinctio repellendus blanditiis ipsa.', 3, '2018-06-19 00:07:00', '2018-06-19 00:07:00'),
(170, 324, 'Miss Joanne Nienow', 'Nihil ut dolores qui tempore autem non in impedit. Ducimus dolor eos velit voluptatem. In magnam omnis est blanditiis. Aut repudiandae vitae possimus.', 4, '2018-06-19 00:07:00', '2018-06-19 00:07:00'),
(171, 264, 'Mrs. Felipa Nienow DVM', 'Molestias eos unde est sunt sunt et. Repellendus ducimus aut qui esse voluptatem in tempore. Modi consequatur quaerat illum voluptatibus aliquid.', 1, '2018-06-19 00:07:00', '2018-06-19 00:07:00'),
(172, 275, 'Dr. Litzy Cruickshank', 'Nulla cumque ut assumenda debitis maxime aperiam. Recusandae saepe minus vel culpa labore omnis. Nobis natus saepe consectetur inventore autem. Tenetur laboriosam illo repellat porro.', 2, '2018-06-19 00:07:00', '2018-06-19 00:07:00'),
(173, 335, 'Michelle Lakin', 'Iusto dolores quas dolores qui amet repudiandae. Et ea molestias dicta similique magni at quia.', 4, '2018-06-19 00:07:00', '2018-06-19 00:07:00'),
(174, 296, 'Enos O\'Reilly', 'Aut ipsam reiciendis reiciendis quia assumenda et. Sed iusto dignissimos iure reprehenderit voluptatum aut. Nisi qui quaerat doloribus quis. In ut repellendus error ut ad.', 0, '2018-06-19 00:07:00', '2018-06-19 00:07:00'),
(175, 283, 'Modesta Hickle', 'Placeat est numquam voluptatem consectetur. Enim possimus quo accusantium eveniet ut aut temporibus. Ut ut est molestias placeat et. Voluptas et maiores ullam aut dolores facere error.', 0, '2018-06-19 00:07:00', '2018-06-19 00:07:00'),
(176, 277, 'Cassandra Wolff', 'Enim modi et perspiciatis dolores. Sunt quia laborum nisi quod esse. Eum voluptatibus laudantium ratione id et.', 3, '2018-06-19 00:07:00', '2018-06-19 00:07:00'),
(177, 310, 'Ms. Audra Goldner', 'Aut repellendus repellendus aut quis quibusdam. Illo nihil esse nam laboriosam. Non adipisci aut possimus et sit quas. Rerum similique beatae delectus.', 2, '2018-06-19 00:07:00', '2018-06-19 00:07:00'),
(178, 261, 'Mabel Harris', 'Voluptatum et voluptatibus neque sint necessitatibus odit. Nesciunt sit quod voluptatem excepturi. Quibusdam harum numquam nostrum sunt labore voluptas quia.', 0, '2018-06-19 00:07:00', '2018-06-19 00:07:00'),
(179, 305, 'Eli Lindgren', 'Qui doloremque neque similique quis non. Qui facilis est aperiam aut modi quia. Quo recusandae voluptatum perferendis quasi eum fugiat illum. Autem magni eius omnis.', 1, '2018-06-19 00:07:00', '2018-06-19 00:07:00'),
(180, 294, 'Prof. Bartholome Kovacek', 'Quia a rerum unde error dolorem dolores doloremque. Suscipit distinctio distinctio error. Sit fugit rem et et quo perspiciatis. Ex quisquam eos aperiam earum reprehenderit et.', 2, '2018-06-19 00:07:00', '2018-06-19 00:07:00'),
(181, 317, 'Carlos Parker', 'Sit odio dolorem sit. Voluptatem aliquam sint id et. Quod consequuntur blanditiis odit qui minus ab sequi. Fugiat quibusdam quasi dolore beatae.', 4, '2018-06-19 00:07:00', '2018-06-19 00:07:00'),
(182, 330, 'Nannie Gislason', 'Quaerat odit tempore est qui in dolorum quis. Aut tempore vel eum quod expedita qui corporis.', 5, '2018-06-19 00:07:00', '2018-06-19 00:07:00'),
(183, 283, 'Iliana Legros MD', 'Quam ipsa mollitia dolorum neque ipsum porro quaerat. Consequatur sit nulla sequi fugit ducimus tempore nisi. Quia voluptate autem est esse earum est.', 1, '2018-06-19 00:07:00', '2018-06-19 00:07:00'),
(184, 334, 'Prof. Emery Stamm', 'Soluta aperiam consequuntur sequi dolorum est et. Mollitia eos porro doloremque fuga illum et. Ut cum qui est voluptatibus aliquid dolorum. Et omnis sint dolore est qui consequatur itaque nihil.', 1, '2018-06-19 00:07:00', '2018-06-19 00:07:00'),
(185, 260, 'Elsie Brakus', 'Facere molestiae quis ut accusantium ad. Et est perferendis rerum aut totam tenetur. Quo aspernatur ad consequatur esse suscipit ut.', 0, '2018-06-19 00:07:00', '2018-06-19 00:07:00'),
(186, 331, 'Charity Bergnaum II', 'Fuga tempora natus voluptate. Eos velit laudantium accusamus optio et nisi. Est iusto est repellat et.', 1, '2018-06-19 00:07:00', '2018-06-19 00:07:00'),
(187, 329, 'Miss Brigitte Fritsch', 'Fugit eaque aut facilis nostrum ratione. Odit nihil nihil enim ad. Impedit ut laudantium qui. Totam eveniet aperiam culpa est et rem alias.', 0, '2018-06-19 00:07:00', '2018-06-19 00:07:00'),
(188, 314, 'Prof. Christop Spinka', 'Dolorum dolor aliquid saepe eum. Quam molestiae et maxime qui quia non rerum. Aperiam aliquam qui et quasi debitis.', 0, '2018-06-19 00:07:00', '2018-06-19 00:07:00'),
(189, 314, 'Vincenza Glover DDS', 'Nobis quos blanditiis perspiciatis in repellat. Ut placeat qui maxime quia. Quis et nam dolores quisquam recusandae reiciendis enim.', 1, '2018-06-19 00:07:00', '2018-06-19 00:07:00'),
(190, 254, 'Marvin Fisher I', 'Est architecto dolorem nihil eligendi optio quas excepturi. Aut recusandae cupiditate occaecati asperiores. Quo non et atque veniam. Voluptas tenetur beatae explicabo quia.', 0, '2018-06-19 00:07:00', '2018-06-19 00:07:00'),
(191, 274, 'Tatyana Blanda', 'Dolores corporis saepe sit unde vero quo dicta. Eligendi ea doloremque id est nam numquam voluptatem. Quo ut corrupti temporibus voluptatem eius ut qui et. Sit porro dignissimos voluptas voluptas dolores. Dolore saepe accusantium odio incidunt autem.', 0, '2018-06-19 00:07:00', '2018-06-19 00:07:00'),
(192, 255, 'Prof. Fernando Walsh', 'Omnis nihil repellendus sint. Asperiores voluptatum deserunt sit. Dolor libero rerum qui ad qui voluptas.', 5, '2018-06-19 00:07:00', '2018-06-19 00:07:00'),
(193, 284, 'Letitia Armstrong', 'Omnis ut nostrum voluptas eius qui et. Expedita non qui est voluptas atque ut. Accusamus delectus minus magni rerum animi sed.', 0, '2018-06-19 00:07:00', '2018-06-19 00:07:00'),
(194, 276, 'Madisyn Herzog', 'Commodi quis magnam aspernatur. Unde recusandae iste qui ullam impedit facere possimus. Ipsam a magni culpa aut. Aliquid accusamus id est aut. Eos odit consequuntur nobis.', 2, '2018-06-19 00:07:00', '2018-06-19 00:07:00'),
(195, 341, 'Cayla Klocko I', 'A sunt recusandae aperiam. Et veniam delectus voluptate aut vitae. Et cumque ex eaque beatae omnis expedita. Porro reiciendis laudantium doloremque quia.', 0, '2018-06-19 00:07:00', '2018-06-19 00:07:00'),
(196, 286, 'Lamont Blanda', 'Voluptate corporis occaecati ea fugit. Qui maxime ut esse maxime. Dignissimos sed quasi voluptatem ea harum quibusdam.', 1, '2018-06-19 00:07:00', '2018-06-19 00:07:00'),
(197, 342, 'Dr. Antoinette Koepp', 'Accusantium magni tempora neque voluptas. Quas vel autem cumque rem. Quia aut quis ut est quia cumque non.', 0, '2018-06-19 00:07:00', '2018-06-19 00:07:00'),
(198, 257, 'Nels Hammes', 'Aliquid dolorem ab nemo atque. Adipisci dolorem nisi reprehenderit laudantium sed necessitatibus aliquid. Omnis consequatur ut alias sunt in.', 3, '2018-06-19 00:07:00', '2018-06-19 00:07:00'),
(199, 288, 'Joseph Smitham', 'Voluptas in corporis sit ea. Voluptates sed ipsam modi.', 0, '2018-06-19 00:07:00', '2018-06-19 00:07:00'),
(200, 320, 'Horace Trantow DVM', 'Excepturi ullam labore molestiae quos et dolorem nihil. Voluptatem et mollitia distinctio sequi vitae distinctio. Rerum ullam alias dolorem a expedita similique rem ex.', 3, '2018-06-19 00:07:00', '2018-06-19 00:07:00'),
(201, 336, 'Braxton Schuster', 'Eos aspernatur ipsa error dolores porro. Aut minus veniam nemo veritatis natus iste doloremque. Repellat qui hic aliquid facere.', 2, '2018-06-19 00:07:00', '2018-06-19 00:07:00'),
(202, 251, 'Mr. Jevon Schmeler IV', 'Architecto ipsa libero autem et voluptatem omnis. Non fugiat libero omnis dolore debitis.', 2, '2018-06-19 00:07:00', '2018-06-19 00:07:00'),
(203, 319, 'Dr. Joana Lindgren', 'Sunt blanditiis qui fugiat qui excepturi eum. Perferendis aliquid laboriosam accusantium est sed assumenda ratione nesciunt.', 1, '2018-06-19 00:07:00', '2018-06-19 00:07:00'),
(204, 307, 'Ms. Rhea Hamill', 'Eveniet fugit et amet veniam unde. Nemo aut dolores expedita maxime animi dolor officiis. Ut id illo consequatur et dolor rem.', 2, '2018-06-19 00:07:00', '2018-06-19 00:07:00'),
(205, 277, 'Gavin Volkman Jr.', 'Qui aperiam officiis amet atque soluta iure. Eius quisquam aut voluptas laudantium quis. Labore iure soluta assumenda incidunt laboriosam. Cupiditate odio dolores et id.', 3, '2018-06-19 00:07:00', '2018-06-19 00:07:00'),
(206, 257, 'Dr. Jimmie Gutmann PhD', 'Dicta reiciendis distinctio molestiae minima quia velit deleniti. Cum sit minus totam rerum eaque dolore saepe quisquam. Dolore nam aliquam maiores molestiae autem est quisquam aliquid. Corrupti enim quo saepe sit culpa.', 5, '2018-06-19 00:07:00', '2018-06-19 00:07:00'),
(207, 266, 'Lowell Terry', 'Et vero reiciendis similique ipsam iste omnis. Expedita dolores rem voluptates porro facere in labore. Neque aut consectetur aut in.', 2, '2018-06-19 00:07:00', '2018-06-19 00:07:00');
INSERT INTO `reviews` (`id`, `product_id`, `customer`, `review`, `star`, `created_at`, `updated_at`) VALUES
(208, 327, 'Remington Rice Sr.', 'Optio ut ut et repellendus. Natus ut dolor voluptate illum temporibus assumenda omnis. Et recusandae blanditiis voluptatibus itaque alias minima et sed. Sit distinctio voluptatem rerum.', 5, '2018-06-19 00:07:00', '2018-06-19 00:07:00'),
(209, 306, 'Dr. Guillermo Wunsch', 'Aliquam ipsam vitae tenetur praesentium voluptas saepe voluptatem. Dignissimos ipsam harum aut magnam molestias architecto. Reprehenderit eligendi sed eum iste sequi. Commodi id deleniti quibusdam rerum unde totam.', 3, '2018-06-19 00:07:00', '2018-06-19 00:07:00'),
(210, 285, 'Adalberto O\'Reilly', 'At consequatur voluptates omnis. Minima in repellendus sint quae animi. Et necessitatibus sapiente suscipit officiis ut facilis est. Sunt velit aspernatur aliquid veniam voluptates deserunt.', 4, '2018-06-19 00:07:00', '2018-06-19 00:07:00'),
(211, 263, 'Lavada Willms', 'Possimus eius possimus exercitationem suscipit velit temporibus fugit. Sit id quia ut temporibus voluptates ipsum. Consectetur voluptatem accusamus aut accusamus quibusdam cumque et. Aliquam aspernatur commodi nihil similique eligendi aperiam illum mollitia. Iusto in eligendi eum assumenda rem.', 4, '2018-06-19 00:07:00', '2018-06-19 00:07:00'),
(212, 271, 'Sydnie Fay PhD', 'Deleniti aliquam perspiciatis repellat animi est vel odit. Et in laudantium et illum nesciunt non. Nisi excepturi provident vel optio qui.', 0, '2018-06-19 00:07:00', '2018-06-19 00:07:00'),
(213, 278, 'Sadye Leuschke', 'Quia nulla mollitia dolor amet. Sunt ab ab fugit amet quo in optio. Qui perspiciatis illo est eius. Est voluptatem aperiam hic aliquam laudantium dolorem.', 1, '2018-06-19 00:07:00', '2018-06-19 00:07:00'),
(214, 265, 'Rosalia Jaskolski', 'Eum eos et officiis voluptatibus ex sit veritatis et. Ut mollitia rem ratione quo. At quisquam voluptatem aspernatur ut nesciunt aut cum. Quis iure dolore laborum sit eum.', 4, '2018-06-19 00:07:00', '2018-06-19 00:07:00'),
(215, 330, 'Damon Maggio V', 'Ipsum doloribus qui dignissimos doloremque quasi odio accusamus. Sed qui autem et alias. Eum impedit nemo accusantium rerum nisi eum ipsum.', 4, '2018-06-19 00:07:00', '2018-06-19 00:07:00'),
(216, 283, 'Tyshawn Shields', 'Quam et in porro qui eum enim reprehenderit consequuntur. Est sed ex animi adipisci. Nostrum et tenetur illo sunt rem est. Delectus quas autem reiciendis et inventore nihil quibusdam.', 4, '2018-06-19 00:07:00', '2018-06-19 00:07:00'),
(217, 323, 'Desmond Swift', 'Fugiat nesciunt blanditiis alias commodi. Incidunt aut voluptatem amet nisi quaerat sunt aut quis. Quis deserunt omnis et impedit ipsam minima.', 0, '2018-06-19 00:07:00', '2018-06-19 00:07:00'),
(218, 263, 'Winona Johns', 'Harum fugit consequatur quia nostrum. Vel et eum et itaque architecto. Earum perferendis cupiditate reprehenderit ipsam voluptate.', 0, '2018-06-19 00:07:00', '2018-06-19 00:07:00'),
(219, 275, 'Prof. Shyann Smitham I', 'Pariatur alias repellat cupiditate non omnis laborum sed. Quas quia voluptas cupiditate suscipit sapiente repellat.', 5, '2018-06-19 00:07:00', '2018-06-19 00:07:00'),
(220, 346, 'Prof. Denis Lakin II', 'Libero optio voluptatem molestiae est eius libero quia eveniet. Et quis sunt aut in animi eligendi mollitia. Animi quam magni vitae possimus odit tempora. Nobis sunt nobis nobis minus amet voluptatem est cupiditate.', 0, '2018-06-19 00:07:00', '2018-06-19 00:07:00'),
(221, 310, 'Prof. Joannie Bechtelar', 'Et neque ex assumenda rerum. Corrupti officia velit nobis ea et dicta. Aliquid animi eos aut.', 2, '2018-06-19 00:07:00', '2018-06-19 00:07:00'),
(222, 333, 'Merle Toy', 'Consectetur nihil ut et. Eveniet voluptatibus ipsa fugiat voluptatibus. Quia delectus illum omnis sint voluptas saepe.', 0, '2018-06-19 00:07:00', '2018-06-19 00:07:00'),
(223, 300, 'Maximo Nicolas', 'Aut eos possimus totam sed aut. Consequatur sed qui ut. Minus cum sapiente et veritatis voluptas. Laudantium libero harum ut quisquam adipisci.', 5, '2018-06-19 00:07:00', '2018-06-19 00:07:00'),
(224, 315, 'Ben Mitchell', 'Vel voluptate sed eaque saepe aut odio molestiae perspiciatis. Et velit sequi aut sit ut debitis. Unde minus ducimus modi et est. Fuga laborum omnis est cumque minima voluptate.', 1, '2018-06-19 00:07:00', '2018-06-19 00:07:00'),
(225, 275, 'Dr. Jarrod O\'Keefe DDS', 'Nam distinctio esse nisi iure consequatur laudantium dolore. Consectetur dolore rerum suscipit dignissimos consequatur adipisci praesentium. Aliquam dolor aut id amet. Pariatur esse autem aut vero quia quo veniam. Illum similique accusantium possimus cum in.', 2, '2018-06-19 00:07:00', '2018-06-19 00:07:00'),
(226, 333, 'Prof. Lydia White', 'Error ipsum iure aut unde sed omnis. Non qui saepe repellat. Totam minus corrupti eos tenetur veritatis ea eveniet. Et dolorum et cupiditate mollitia vel reprehenderit.', 1, '2018-06-19 00:07:00', '2018-06-19 00:07:00'),
(227, 318, 'Dr. Caterina Grady', 'Quas eius culpa dolorem quisquam. Id excepturi et placeat aut amet. Repellat ea quo similique nulla commodi accusantium assumenda deserunt. Labore numquam exercitationem quos libero voluptatem aut blanditiis vitae. Qui expedita dignissimos aspernatur est aut non dignissimos.', 3, '2018-06-19 00:07:00', '2018-06-19 00:07:00'),
(228, 284, 'Abagail Satterfield Sr.', 'Nesciunt iure possimus voluptas veniam rem sit maxime. Laborum fuga est est voluptas sunt. Magni autem praesentium unde commodi incidunt et. Blanditiis nostrum ipsa sapiente expedita consectetur facere voluptas beatae.', 0, '2018-06-19 00:07:00', '2018-06-19 00:07:00'),
(229, 308, 'Art Littel', 'Alias quia accusamus non quia est minima reprehenderit dolor. Et nemo nostrum necessitatibus id. Sequi quisquam ipsum ducimus repudiandae aut beatae. Quasi et recusandae fuga.', 2, '2018-06-19 00:07:00', '2018-06-19 00:07:00'),
(230, 311, 'Ms. Alvera Hammes III', 'Voluptas aliquam est explicabo cum. Iure voluptatem vero iste nobis ex esse vitae natus. Vitae ea beatae laborum ex cumque et. Minima rem voluptatibus laboriosam deleniti dolorem explicabo.', 5, '2018-06-19 00:07:00', '2018-06-19 00:07:00'),
(231, 270, 'Tobin Grant', 'Enim at quam accusantium beatae. Explicabo a repellat recusandae dicta ut temporibus. Laboriosam omnis impedit quo consectetur expedita quidem. Qui voluptatem nobis voluptatem vel repellat cum fuga.', 1, '2018-06-19 00:07:00', '2018-06-19 00:07:00'),
(232, 274, 'Rodolfo Jacobson MD', 'Ratione eos provident voluptatum explicabo velit. Quos corrupti aliquid voluptas amet quia beatae. Aut similique ut nemo sint quis.', 2, '2018-06-19 00:07:00', '2018-06-19 00:07:00'),
(233, 255, 'Miss Justina Koepp', 'Magni rerum qui nulla quia debitis. Tempora nobis rerum tempore velit nihil. Magnam est animi voluptas pariatur dolor eveniet facere molestiae.', 5, '2018-06-19 00:07:00', '2018-06-19 00:07:00'),
(234, 341, 'Tabitha Bayer', 'Repudiandae odit enim molestiae sint eos nobis omnis. Aut possimus libero iste rerum delectus consequuntur quae officia. Exercitationem eligendi perferendis omnis voluptas impedit assumenda sed.', 3, '2018-06-19 00:07:00', '2018-06-19 00:07:00'),
(235, 318, 'Jaclyn Considine', 'Non doloribus atque nihil sapiente vel. Aut atque aut quia non recusandae. Veritatis exercitationem est laborum voluptatem animi iste. Omnis explicabo perspiciatis et est maxime sunt.', 5, '2018-06-19 00:07:00', '2018-06-19 00:07:00'),
(236, 283, 'Eric Dach', 'Repellendus reiciendis quos qui voluptatem cupiditate. Iusto ad velit illo repellat. Quis maxime adipisci tempora. Qui ut dolorum nemo facilis facere.', 0, '2018-06-19 00:07:00', '2018-06-19 00:07:00'),
(237, 306, 'Summer Brakus', 'Sapiente modi tenetur nulla. Accusantium odio alias vel laborum.', 2, '2018-06-19 00:07:00', '2018-06-19 00:07:00'),
(238, 261, 'Mr. Enid Schimmel MD', 'Dolorem aut nisi et molestiae. Odit libero quae enim. Perspiciatis qui explicabo perferendis odit nam. Quo nemo voluptatem ut quia autem dolorem.', 0, '2018-06-19 00:07:00', '2018-06-19 00:07:00'),
(239, 287, 'Carol Lemke', 'Excepturi numquam et assumenda dolorem eaque et voluptatum. Tempora natus quo a voluptatem architecto et eius. Nisi totam accusantium id doloremque vel aperiam voluptas.', 4, '2018-06-19 00:07:00', '2018-06-19 00:07:00'),
(240, 262, 'Aletha Abernathy', 'In autem voluptatum sapiente voluptate. Natus distinctio et harum quas.', 1, '2018-06-19 00:07:00', '2018-06-19 00:07:00'),
(241, 273, 'Prof. Roderick Marvin', 'Eum in quia sed. Maxime amet asperiores modi vero atque explicabo. Dicta eos maxime et consequuntur sit eius est.', 4, '2018-06-19 00:07:00', '2018-06-19 00:07:00'),
(242, 342, 'Dallin Hills', 'Necessitatibus natus pariatur at impedit minus. Veritatis vel eum voluptate est sit. Ipsum quas minima quia et aut vel.', 0, '2018-06-19 00:07:00', '2018-06-19 00:07:00'),
(243, 317, 'Prof. Chris Nicolas III', 'In expedita sit in rerum. Numquam et optio ut enim soluta. Id qui nulla aut et voluptas. Est amet iste quis quisquam et aut necessitatibus.', 2, '2018-06-19 00:07:00', '2018-06-19 00:07:00'),
(244, 277, 'Dameon Schimmel', 'Et necessitatibus illo eum nulla. Illo vel quos doloremque autem saepe dolore. Velit facere facilis iure eum dignissimos unde temporibus. Corporis et laborum perspiciatis et et ut.', 2, '2018-06-19 00:07:00', '2018-06-19 00:07:00'),
(245, 268, 'Prof. Cooper Legros I', 'Voluptatem consectetur aliquam nam vitae. Sint minima quisquam deleniti quo quas quia commodi. Modi aperiam quia veritatis excepturi minus non rerum. Nostrum consequatur accusantium quia est unde impedit eligendi.', 1, '2018-06-19 00:07:00', '2018-06-19 00:07:00'),
(246, 303, 'Mrs. Lue Ortiz', 'Dolor rem voluptas optio dolorem voluptas officiis possimus. Aspernatur hic est voluptatem praesentium nobis nemo ipsam hic.', 0, '2018-06-19 00:07:00', '2018-06-19 00:07:00'),
(247, 314, 'Caitlyn Nader', 'Eius eos neque incidunt sunt sit eaque iusto. Temporibus inventore illum quidem rerum et saepe. Quae doloremque ut soluta et.', 0, '2018-06-19 00:07:00', '2018-06-19 00:07:00'),
(248, 305, 'Clementine Batz', 'Neque eveniet provident saepe consequatur. Architecto autem nam eligendi.', 5, '2018-06-19 00:07:00', '2018-06-19 00:07:00'),
(249, 305, 'Eloise Bartell', 'Distinctio quasi voluptatibus atque odit facere odio deleniti. Nesciunt ex doloribus blanditiis sint sit ut. Ut enim aut libero quia in qui officiis. Qui laboriosam mollitia facere.', 2, '2018-06-19 00:07:00', '2018-06-19 00:07:00'),
(250, 316, 'Prof. Vena Walter V', 'Sit et aliquam facere quia itaque. Quas sed tenetur quam voluptatibus molestias. Ut minima quia sint perspiciatis.', 0, '2018-06-19 00:07:00', '2018-06-19 00:07:00'),
(251, 278, 'Ms. Kamille Harber V', 'Aspernatur dignissimos quidem aperiam pariatur vel beatae. Exercitationem et doloribus cumque id aut dolorem nihil. Facilis aut voluptatem aperiam illum harum.', 1, '2018-06-19 00:07:00', '2018-06-19 00:07:00'),
(252, 344, 'Dr. Garfield Volkman', 'Harum voluptatibus ipsa et ducimus eaque nihil. Sunt nesciunt ut consectetur tempora temporibus. Accusamus aut quibusdam molestias possimus assumenda ea.', 0, '2018-06-19 00:07:00', '2018-06-19 00:07:00'),
(253, 327, 'Marc Effertz', 'Sunt nemo nesciunt accusantium nulla quae. Aliquam quia esse nobis. Eum nostrum provident eaque quo perspiciatis.', 0, '2018-06-19 00:07:00', '2018-06-19 00:07:00'),
(254, 314, 'Dr. Brett Bode DVM', 'Est sed voluptatem velit magnam tempora sit sint. Amet quo aspernatur laudantium qui in et modi. Neque in dolore sunt. Aliquid aliquid minima ut error.', 4, '2018-06-19 00:07:00', '2018-06-19 00:07:00'),
(255, 305, 'Petra Moen', 'Similique quia labore perferendis esse beatae ut. Vel non ipsa id sed. Velit possimus mollitia occaecati ipsa aspernatur. At incidunt nobis dolore nesciunt laudantium et voluptates.', 0, '2018-06-19 00:07:00', '2018-06-19 00:07:00'),
(256, 283, 'Mr. Kenneth Cartwright Sr.', 'Minima aut enim voluptatum libero fugiat. Tempora odio ipsam voluptates labore. Eum non ut voluptas iste nisi. Nemo praesentium quidem optio aliquam doloremque enim.', 2, '2018-06-19 00:07:00', '2018-06-19 00:07:00'),
(257, 280, 'Wilma Jacobson', 'Deleniti cum temporibus fugit dolore. Vel aperiam neque officiis est dolor repellat iste. Pariatur dolorum sint quis nostrum minus iste. Numquam recusandae quas nesciunt itaque nostrum et laboriosam.', 3, '2018-06-19 00:07:00', '2018-06-19 00:07:00'),
(258, 335, 'Bud Hodkiewicz', 'Hic mollitia non ut sed dolor. Maiores eum autem nulla non. Sit magni dolor dicta placeat et.', 1, '2018-06-19 00:07:00', '2018-06-19 00:07:00'),
(259, 322, 'Demarco Green', 'Enim ea voluptatum necessitatibus voluptatibus excepturi aut. Sed excepturi ab nihil temporibus. Est et sit sunt est.', 0, '2018-06-19 00:07:00', '2018-06-19 00:07:00'),
(260, 338, 'Winston Crona', 'Sit ut voluptatum dolor ipsum ipsum sapiente reprehenderit. Accusamus iste assumenda iste consequuntur. Dolorem harum ut deserunt ducimus esse dolore aliquid.', 1, '2018-06-19 00:07:00', '2018-06-19 00:07:00'),
(261, 268, 'Dr. Eli Dach DVM', 'Quia aut rerum ab veniam itaque qui voluptas et. Molestiae ipsa sapiente cumque excepturi eos nulla perferendis. Laborum voluptas quo ratione aut minus molestias quia.', 5, '2018-06-19 00:07:00', '2018-06-19 00:07:00'),
(262, 310, 'Baron Beatty', 'Nisi deleniti aut quis ratione rerum placeat. Animi temporibus dolor et et autem. Et ut aut molestiae facilis nam quo. Alias doloribus quia quia nam dolores.', 4, '2018-06-19 00:07:00', '2018-06-19 00:07:00'),
(263, 280, 'Dessie Hickle', 'Dolor blanditiis officia sapiente velit cumque quod. At occaecati quod unde sit quia cumque. Architecto voluptate deserunt illum quaerat architecto enim quod praesentium. Placeat accusamus velit consequatur quod nobis excepturi.', 5, '2018-06-19 00:07:00', '2018-06-19 00:07:00'),
(264, 299, 'Kira Gibson PhD', 'Dolorem quia expedita porro doloribus similique amet deserunt. Earum animi eos est consectetur. Sequi ea qui dolore.', 2, '2018-06-19 00:07:00', '2018-06-19 00:07:00'),
(265, 274, 'Ms. Alexandrine Littel', 'Necessitatibus nesciunt quis rerum rerum. Minus provident tenetur dignissimos fugiat velit. Atque est facilis magnam praesentium tempora. Ipsam nostrum excepturi quis earum et cupiditate.', 3, '2018-06-19 00:07:00', '2018-06-19 00:07:00'),
(266, 304, 'Corene Lemke PhD', 'Molestiae repellat pariatur at iste quo. Impedit ipsa excepturi error possimus nostrum minima. Ducimus exercitationem adipisci nostrum commodi consequatur quas.', 2, '2018-06-19 00:07:00', '2018-06-19 00:07:00'),
(267, 277, 'Taryn Stokes DDS', 'Et esse incidunt accusantium qui ab. Nihil consequuntur qui odit eius voluptatum. Exercitationem at ea vitae cumque. Rerum magni in occaecati et facere voluptatibus necessitatibus.', 0, '2018-06-19 00:07:00', '2018-06-19 00:07:00'),
(268, 311, 'Elmo Muller', 'Veniam nesciunt consequatur officia ut nesciunt itaque. Laudantium amet asperiores eos.', 4, '2018-06-19 00:07:00', '2018-06-19 00:07:00'),
(269, 262, 'Heber Crist', 'Qui corrupti consequatur veritatis vel voluptatem expedita maiores. Velit repellendus aut asperiores qui. Veniam aut vel repellendus unde quo fugiat consequatur. Deleniti minus distinctio et nobis est amet. Et sit consequatur rerum.', 0, '2018-06-19 00:07:00', '2018-06-19 00:07:00'),
(270, 270, 'Izabella Jerde', 'Quo numquam velit totam voluptatum. Et non doloremque quia fugit magni magnam. Amet aut consequatur reiciendis est occaecati autem libero. Atque dolores maxime nisi.', 4, '2018-06-19 00:07:00', '2018-06-19 00:07:00'),
(271, 251, 'Daija Rogahn', 'Qui occaecati nostrum nihil perspiciatis. Molestiae possimus itaque amet amet nobis. Omnis aut numquam aut est provident iure incidunt voluptatibus. Officiis repudiandae magnam magni et modi eligendi iure voluptate.', 2, '2018-06-19 00:07:00', '2018-06-19 00:07:00'),
(272, 282, 'Dr. Easton Hettinger MD', 'Voluptas reiciendis qui quas pariatur. Eligendi temporibus beatae est omnis a. Facilis aut harum similique quidem et. Alias ut eveniet numquam mollitia accusamus.', 4, '2018-06-19 00:07:00', '2018-06-19 00:07:00'),
(273, 328, 'Destiny Von', 'Neque eius saepe omnis cumque ut. Qui asperiores deserunt ratione nam. Nulla aut sapiente ut voluptas ipsa. Quis non rerum et tempora quia numquam at. Aut amet ut laboriosam qui blanditiis.', 1, '2018-06-19 00:07:00', '2018-06-19 00:07:00'),
(274, 348, 'Russ Shields', 'Itaque dolor ut neque. Nemo eum libero porro iure rem. Veritatis id eaque ut.', 1, '2018-06-19 00:07:00', '2018-06-19 00:07:00'),
(275, 287, 'Trey Dietrich', 'Consequuntur incidunt quaerat repellendus ipsum esse quaerat debitis. Possimus ipsa quia et sunt. Id qui ea deserunt est rem itaque.', 3, '2018-06-19 00:07:00', '2018-06-19 00:07:00'),
(276, 304, 'Dr. Ned Botsford DDS', 'Id eius labore nemo velit dolore incidunt. Quia rerum facilis ullam alias earum. Qui deleniti aut soluta optio. Hic laudantium distinctio eum animi ipsum dignissimos.', 5, '2018-06-19 00:07:00', '2018-06-19 00:07:00'),
(277, 265, 'Prof. Adrian Grant', 'Officia explicabo animi consequatur reprehenderit est architecto assumenda est. Laudantium id eius voluptas asperiores natus accusantium. Est molestias esse illo maxime quo modi.', 3, '2018-06-19 00:07:00', '2018-06-19 00:07:00'),
(278, 309, 'Mervin Okuneva DDS', 'Totam minima dolores blanditiis. Laudantium ad sit excepturi dolorem ratione minima officia. Rerum ut non exercitationem praesentium sapiente.', 1, '2018-06-19 00:07:00', '2018-06-19 00:07:00'),
(279, 336, 'Garfield Rohan', 'Ducimus excepturi rerum minima consequatur nihil modi. Consequuntur beatae in culpa laborum aspernatur aspernatur esse.', 4, '2018-06-19 00:07:00', '2018-06-19 00:07:00'),
(280, 303, 'Fiona Bernhard', 'Corrupti modi sunt tempora rem corporis. Consequuntur error cupiditate sint architecto provident rerum vel laudantium. Enim nobis maxime labore ut sed eos. Est nostrum omnis blanditiis sed.', 4, '2018-06-19 00:07:00', '2018-06-19 00:07:00'),
(281, 290, 'Prof. Rigoberto Mayer MD', 'Facere ab ea et. Excepturi esse neque quod odit libero. Sequi cumque consequatur maxime vel placeat quia. Libero rerum consequatur sed.', 0, '2018-06-19 00:07:00', '2018-06-19 00:07:00'),
(282, 324, 'Mrs. Katheryn Stoltenberg IV', 'Rerum cupiditate vitae architecto ipsa est quo exercitationem. Amet deleniti mollitia minus dolore saepe. Quisquam aperiam eligendi hic delectus.', 4, '2018-06-19 00:07:00', '2018-06-19 00:07:00'),
(283, 271, 'Dr. Dante Wolf', 'Ut eveniet non facilis qui aut quia. Atque ad aut itaque. Modi molestiae nobis non et soluta ea voluptas.', 2, '2018-06-19 00:07:00', '2018-06-19 00:07:00'),
(284, 316, 'Everette Turcotte Sr.', 'Voluptates numquam labore consequatur repellendus voluptatem labore. Laboriosam at et tenetur ex facilis qui. Unde ut enim quibusdam et accusamus esse aut. Dolore quia maxime explicabo exercitationem.', 1, '2018-06-19 00:07:00', '2018-06-19 00:07:00'),
(285, 301, 'Mr. Vincenzo Harris IV', 'Quia voluptas accusantium suscipit. Fuga sunt dignissimos iure similique corporis non qui quam. Consequatur repudiandae error et ad consequatur eligendi.', 2, '2018-06-19 00:07:00', '2018-06-19 00:07:00'),
(286, 302, 'Gerda Collier DDS', 'Deleniti sed modi iusto esse magnam alias sed. Necessitatibus et quod dignissimos ipsa in. Voluptas cupiditate et qui quia possimus cum sit animi. Molestias molestias qui accusamus dolore sit vel voluptas. Labore eius sunt quis fugiat fugit.', 5, '2018-06-19 00:07:00', '2018-06-19 00:07:00'),
(287, 339, 'Caesar Bins', 'Odio velit rerum tempore et. Est autem iure laborum omnis consectetur et beatae. Reiciendis possimus libero doloribus magni vel qui est.', 2, '2018-06-19 00:07:00', '2018-06-19 00:07:00'),
(288, 270, 'Talon Medhurst DVM', 'Et aut voluptatibus qui sunt non reprehenderit mollitia. Hic fuga consequuntur dolores rem est. Assumenda rem minus libero praesentium et consequuntur non.', 1, '2018-06-19 00:07:00', '2018-06-19 00:07:00'),
(289, 317, 'Graciela Abshire IV', 'Repellendus nulla iure exercitationem aperiam perferendis dolorum soluta. Blanditiis optio est ut eligendi. Ut facilis accusantium minima aut distinctio modi quis.', 1, '2018-06-19 00:07:00', '2018-06-19 00:07:00'),
(290, 289, 'Breana Lubowitz', 'Quasi animi sunt molestiae qui nihil dignissimos. Totam dolorum ea nihil vel et. Blanditiis vel voluptatem asperiores eligendi.', 4, '2018-06-19 00:07:00', '2018-06-19 00:07:00'),
(291, 343, 'Gladyce Rice', 'Pariatur vel soluta quo numquam fugiat. Ut molestiae sunt nihil assumenda nam molestias voluptates. Illum ut aliquam voluptas aut ad deleniti qui.', 5, '2018-06-19 00:07:00', '2018-06-19 00:07:00'),
(292, 273, 'Ryleigh Kunze DDS', 'Dolores sint laudantium aut vitae. Non aliquam ut praesentium adipisci alias perferendis ea. Consequatur vitae ut necessitatibus quia est. Et sed praesentium ea est est.', 2, '2018-06-19 00:07:00', '2018-06-19 00:07:00'),
(293, 261, 'Mr. Fletcher Littel DDS', 'Enim nihil soluta provident repellendus sed omnis. Dolore tempore deleniti tempora amet quo ut enim debitis. Beatae recusandae voluptatem quisquam porro saepe voluptatibus.', 2, '2018-06-19 00:07:00', '2018-06-19 00:07:00'),
(294, 339, 'Marian Ullrich', 'Non similique iusto consequatur a. Doloribus beatae officia quis enim facilis et quia. Autem doloribus quas blanditiis.', 1, '2018-06-19 00:07:00', '2018-06-19 00:07:00'),
(295, 320, 'Mrs. Shanie Kuhn', 'Consequatur minima laudantium blanditiis cum aut rerum. Blanditiis nulla consectetur earum. Reiciendis illo culpa quia occaecati labore. In architecto impedit nam non.', 5, '2018-06-19 00:07:00', '2018-06-19 00:07:00'),
(296, 311, 'Dariana Ankunding', 'Fugiat et ut reprehenderit temporibus ut. Reiciendis harum asperiores reprehenderit illum. Consequatur eos voluptatem asperiores labore. Animi dolore eos rerum qui.', 2, '2018-06-19 00:07:00', '2018-06-19 00:07:00'),
(297, 253, 'Prof. Isac Lind III', 'Occaecati dolores nisi ut saepe quia non. Atque et iure non rerum quia. Commodi natus sit necessitatibus. Placeat consequatur amet soluta quibusdam ducimus non similique et.', 2, '2018-06-19 00:07:00', '2018-06-19 00:07:00'),
(298, 299, 'Carli Zulauf', 'Ut eligendi aut nulla aperiam aut doloribus voluptas. Aut laboriosam totam et fuga reiciendis. Reprehenderit voluptas quibusdam nihil repellat. Consequatur et sed ut et quas voluptatem qui id.', 0, '2018-06-19 00:07:00', '2018-06-19 00:07:00'),
(299, 328, 'Jan Rowe', 'Et sequi sint cupiditate. Molestias sit neque velit. Optio sed id nostrum atque esse enim.', 3, '2018-06-19 00:07:00', '2018-06-19 00:07:00'),
(300, 306, 'Prof. Saige Jones Jr.', 'Consequuntur laborum aut sed omnis fugit. Nam vel aut voluptatibus et culpa laboriosam est aut. Aut enim vitae ut nostrum nulla. Ut voluptatem distinctio reiciendis alias.', 5, '2018-06-19 00:07:00', '2018-06-19 00:07:00');

-- --------------------------------------------------------

--
-- Table structure for table `users`
--

DROP TABLE IF EXISTS `users`;
CREATE TABLE IF NOT EXISTS `users` (
  `id` int(10) UNSIGNED NOT NULL AUTO_INCREMENT,
  `name` varchar(200) COLLATE utf8mb4_unicode_ci NOT NULL,
  `email` varchar(200) COLLATE utf8mb4_unicode_ci NOT NULL,
  `password` varchar(200) COLLATE utf8mb4_unicode_ci NOT NULL,
  `remember_token` varchar(100) COLLATE utf8mb4_unicode_ci DEFAULT NULL,
  `created_at` timestamp NULL DEFAULT NULL,
  `updated_at` timestamp NULL DEFAULT NULL,
  PRIMARY KEY (`id`),
  UNIQUE KEY `users_email_unique` (`email`)
) ENGINE=MyISAM DEFAULT CHARSET=utf8mb4 COLLATE=utf8mb4_unicode_ci;
COMMIT;

/*!40101 SET CHARACTER_SET_CLIENT=@OLD_CHARACTER_SET_CLIENT */;
/*!40101 SET CHARACTER_SET_RESULTS=@OLD_CHARACTER_SET_RESULTS */;
/*!40101 SET COLLATION_CONNECTION=@OLD_COLLATION_CONNECTION */;
